transaction_id,date,branch_id,kota,provinsi,rating_cabang,customer_name,product_id,product_name,actual_price,discount_percentage,persentase_gross_laba,nett_sales,nett_profit,rating_transaksi
TRX7746848,25/08/2022,42820,Mataram,Nusa Tenggara Barat,"4,1",Belinda Russell,KF116,"Psycholeptics drugs, Hypnotics and sedatives drugs",251700,"0,04","0,2",241632,40272,"3,8"
TRX9754614,19/11/2022,59607,Magelang,Jawa Tengah,"4,3",Alex Moore,KF116,"Psycholeptics drugs, Hypnotics and sedatives drugs",251700,"0,04","0,2",241632,40272,"3,2"
TRX1090549,04/05/2022,44068,Banda Aceh,Aceh,"4,1",Nathan Conner,KF116,"Psycholeptics drugs, Hypnotics and sedatives drugs",251700,"0,04","0,2",241632,40272,"3,2"
TRX1207157,06/12/2020,56229,Palangkaraya,Kalimantan Tengah,"4,8",Timothy Roberson,KF116,"Psycholeptics drugs, Hypnotics and sedatives drugs",251700,"0,04","0,2",241632,40272,"4,4"
TRX5486311,10/04/2023,64120,Lhokseumawe,Aceh,"4,4",Kristina Alexander,KF116,"Psycholeptics drugs, Hypnotics and sedatives drugs",251700,"0,04","0,2",241632,40272,"3,1"
TRX5689209,30/09/2021,55568,Medan,Sumatera Utara,"4,9",Jennifer Martin,KF116,"Psycholeptics drugs, Hypnotics and sedatives drugs",251700,"0,04","0,2",241632,40272,"3,6"
TRX5022793,03/06/2020,15545,Surabaya,Jawa Timur,"4,3",Eric Valdez,KF116,"Psycholeptics drugs, Hypnotics and sedatives drugs",251700,"0,04","0,2",241632,40272,4
TRX2369072,29/11/2023,22086,Tanjungpinang,Kepulauan Riau,"4,2",Jennifer Gilbert,KF116,"Psycholeptics drugs, Hypnotics and sedatives drugs",251700,"0,04","0,2",241632,40272,"3,4"
TRX3292414,21/02/2023,90913,Gorontalo,Gorontalo,"4,8",Dr. Christina Mullen,KF116,"Psycholeptics drugs, Hypnotics and sedatives drugs",251700,"0,04","0,2",241632,40272,"3,3"
TRX8144143,04/04/2021,52852,Palembang,Sumatera Selatan,"4,3",Kelsey Steele,KF116,"Psycholeptics drugs, Hypnotics and sedatives drugs",251700,"0,04","0,2",241632,40272,"4,1"
TRX5676565,06/12/2021,49494,Cirebon,Jawa Barat,"4,6",Jennifer Benson,KF116,"Psycholeptics drugs, Hypnotics and sedatives drugs",251700,"0,04","0,2",241632,40272,"4,1"
TRX7014395,08/02/2023,91361,Pematangsiantar,Sumatera Utara,"4,6",Laura Ramos,KF116,"Psycholeptics drugs, Hypnotics and sedatives drugs",251700,"0,04","0,2",241632,40272,"4,9"
TRX2574980,22/02/2022,63116,Ciamis,Jawa Barat,"4,7",Danielle Anderson,KF116,"Psycholeptics drugs, Hypnotics and sedatives drugs",251700,"0,04","0,2",241632,40272,"3,1"
TRX5768340,26/03/2021,46468,Bima,Nusa Tenggara Barat,"4,7",Heather Leon,KF116,"Psycholeptics drugs, Hypnotics and sedatives drugs",251700,"0,04","0,2",241632,40272,"4,5"
TRX8264762,25/11/2022,70508,Ciamis,Jawa Barat,"4,5",Christopher Stewart,KF116,"Psycholeptics drugs, Hypnotics and sedatives drugs",251700,"0,04","0,2",241632,40272,"3,4"
TRX4644956,14/03/2020,11079,Purwokerto,Jawa Tengah,"4,7",Crystal Maxwell,KF116,"Psycholeptics drugs, Hypnotics and sedatives drugs",251700,"0,04","0,2",241632,40272,"3,8"
TRX3371306,25/09/2022,65947,Pontianak,Kalimantan Barat,5,Jerry Suarez,KF116,"Psycholeptics drugs, Hypnotics and sedatives drugs",251700,"0,04","0,2",241632,40272,"3,2"
TRX9594617,11/05/2022,50671,Banda Aceh,Aceh,4,Dawn Le,KF116,"Psycholeptics drugs, Hypnotics and sedatives drugs",251700,"0,04","0,2",241632,40272,"3,2"
TRX6351116,09/02/2022,13891,Magelang,Jawa Tengah,"4,7",Kimberly Moore,KF116,"Psycholeptics drugs, Hypnotics and sedatives drugs",251700,"0,04","0,2",241632,40272,"4,9"
TRX9698518,27/08/2023,52192,Karawang,Jawa Barat,"4,2",Christopher Hansen,KF116,"Psycholeptics drugs, Hypnotics and sedatives drugs",251700,"0,04","0,2",241632,40272,3
TRX4595866,05/05/2022,99518,Bitung,Sulawesi Utara,"4,2",Clarence Anderson,KF116,"Psycholeptics drugs, Hypnotics and sedatives drugs",251700,"0,04","0,2",241632,40272,"3,9"
TRX8383799,12/11/2022,82095,Tomohon,Sulawesi Utara,"4,4",Johnny Ortiz,KF116,"Psycholeptics drugs, Hypnotics and sedatives drugs",251700,"0,04","0,2",241632,40272,"4,8"
TRX8592646,01/02/2020,86237,Payakumbuh,Sumatera Barat,4,Christopher Brown,KF116,"Psycholeptics drugs, Hypnotics and sedatives drugs",251700,"0,04","0,2",241632,40272,"3,8"
TRX9973085,22/07/2022,86667,Bekasi,Jawa Barat,"4,6",Emily Briggs,KF116,"Psycholeptics drugs, Hypnotics and sedatives drugs",251700,"0,04","0,2",241632,40272,"3,7"
TRX9215915,25/10/2023,46514,Solok,Sumatera Barat,"3,9",Michael Taylor,KF116,"Psycholeptics drugs, Hypnotics and sedatives drugs",251700,"0,04","0,2",241632,40272,"4,7"
TRX3297654,16/01/2023,20062,Bekasi,Jawa Barat,5,Molly Smith,KF116,"Psycholeptics drugs, Hypnotics and sedatives drugs",251700,"0,04","0,2",241632,40272,"4,6"
TRX8213668,04/04/2023,66929,Cianjur,Jawa Barat,4,Omar Bruce,KF116,"Psycholeptics drugs, Hypnotics and sedatives drugs",251700,"0,04","0,2",241632,40272,"4,6"
TRX9131626,28/07/2021,19224,Purwakarta,Jawa Barat,"4,4",Matthew Little,KF116,"Psycholeptics drugs, Hypnotics and sedatives drugs",251700,"0,04","0,2",241632,40272,"4,6"
TRX2593027,08/11/2022,46551,Pangkalpinang,Bangka Belitung,"4,8",Stephanie Moore,KF116,"Psycholeptics drugs, Hypnotics and sedatives drugs",251700,"0,04","0,2",241632,40272,"3,2"
TRX9310739,22/09/2021,82428,Tomohon,Sulawesi Utara,"3,9",Samantha Anderson,KF116,"Psycholeptics drugs, Hypnotics and sedatives drugs",251700,"0,04","0,2",241632,40272,"3,7"
TRX2068580,08/02/2022,67081,Kuningan,Jawa Barat,"4,8",Pamela Robertson MD,KF116,"Psycholeptics drugs, Hypnotics and sedatives drugs",251700,"0,04","0,2",241632,40272,"4,9"
TRX1890597,28/07/2023,77845,Garut,Jawa Barat,"4,7",Larry Johnson,KF116,"Psycholeptics drugs, Hypnotics and sedatives drugs",251700,"0,04","0,2",241632,40272,"3,6"
TRX2550406,06/04/2022,78858,Banjarmasin,Kalimantan Selatan,"4,4",Crystal Johnson,KF116,"Psycholeptics drugs, Hypnotics and sedatives drugs",251700,"0,04","0,2",241632,40272,"3,6"
TRX1454507,20/10/2021,34669,Solok,Sumatera Barat,"4,7",Brian Allen,KF116,"Psycholeptics drugs, Hypnotics and sedatives drugs",251700,"0,04","0,2",241632,40272,"4,7"
TRX1249118,26/08/2022,95955,Palu,Sulawesi Tengah,"4,5",Dana Clark,KF116,"Psycholeptics drugs, Hypnotics and sedatives drugs",251700,"0,04","0,2",241632,40272,4
TRX8756950,27/10/2020,16185,Mataram,Nusa Tenggara Barat,"4,3",Adam Smith,KF116,"Psycholeptics drugs, Hypnotics and sedatives drugs",251700,"0,04","0,2",241632,40272,3
TRX5971792,05/04/2020,56376,Pekanbaru,Riau,"4,2",John Fitzpatrick,KF116,"Psycholeptics drugs, Hypnotics and sedatives drugs",251700,"0,04","0,2",241632,40272,3
TRX3582218,23/05/2023,48039,Pariaman,Sumatera Barat,"4,8",Andrea Beck,KF116,"Psycholeptics drugs, Hypnotics and sedatives drugs",251700,"0,04","0,2",241632,40272,"4,3"
TRX4286583,13/05/2022,29933,Sukabumi,Jawa Barat,"4,2",Adam Jordan,KF116,"Psycholeptics drugs, Hypnotics and sedatives drugs",251700,"0,04","0,2",241632,40272,4
TRX2336808,22/10/2021,92130,Indramayu,Jawa Barat,"4,9",Carlos Torres,KF116,"Psycholeptics drugs, Hypnotics and sedatives drugs",251700,"0,04","0,2",241632,40272,"3,4"
TRX3674703,12/08/2021,96555,Kendari,Sulawesi Tenggara,"4,1",Elizabeth Flores,KF116,"Psycholeptics drugs, Hypnotics and sedatives drugs",251700,"0,04","0,2",241632,40272,"3,3"
TRX8292273,28/01/2022,90646,Batam,Kepulauan Riau,"4,8",Dominic Jones,KF116,"Psycholeptics drugs, Hypnotics and sedatives drugs",251700,"0,04","0,2",241632,40272,"3,3"
TRX5173165,11/05/2023,76258,Pematangsiantar,Sumatera Utara,"4,6",Brooke Walters,KF116,"Psycholeptics drugs, Hypnotics and sedatives drugs",251700,"0,04","0,2",241632,40272,"4,1"
TRX7023634,01/08/2020,80176,Dumai,Riau,"4,7",Daniel Hernandez MD,KF116,"Psycholeptics drugs, Hypnotics and sedatives drugs",251700,"0,04","0,2",241632,40272,4
TRX1610265,10/05/2021,49725,Bogor,Jawa Barat,"4,8",Amber Mccall,KF116,"Psycholeptics drugs, Hypnotics and sedatives drugs",251700,"0,04","0,2",241632,40272,"4,4"
TRX8246311,11/06/2021,30970,Purwakarta,Jawa Barat,"4,9",Megan Miranda,KF116,"Psycholeptics drugs, Hypnotics and sedatives drugs",251700,"0,04","0,2",241632,40272,"3,1"
TRX7245922,20/03/2023,31667,Tasikmalaya,Jawa Barat,"4,4",Joshua Whitaker,KF116,"Psycholeptics drugs, Hypnotics and sedatives drugs",251700,"0,04","0,2",241632,40272,"4,2"
TRX9074740,28/10/2023,21583,Ciamis,Jawa Barat,"4,9",James Thomas,KF116,"Psycholeptics drugs, Hypnotics and sedatives drugs",251700,"0,04","0,2",241632,40272,"4,2"
TRX2932945,21/03/2022,13831,Tebing Tinggi,Sumatera Utara,"4,1",Jeremy Williamson,KF116,"Psycholeptics drugs, Hypnotics and sedatives drugs",251700,"0,04","0,2",241632,40272,"4,2"
TRX2559444,06/12/2020,24922,Semarang,Jawa Tengah,"4,7",William Jones,KF116,"Psycholeptics drugs, Hypnotics and sedatives drugs",251700,"0,04","0,2",241632,40272,"4,5"
TRX5228996,14/01/2022,79455,Mataram,Nusa Tenggara Barat,"4,8",Jonathan Hickman,KF116,"Psycholeptics drugs, Hypnotics and sedatives drugs",251700,"0,04","0,2",241632,40272,"3,3"
TRX4883472,27/10/2022,69881,Purwokerto,Jawa Tengah,"4,2",Jeremy Lawson,KF116,"Psycholeptics drugs, Hypnotics and sedatives drugs",251700,"0,04","0,2",241632,40272,"3,3"
TRX7009190,20/07/2023,51033,Pematangsiantar,Sumatera Utara,5,Kendra Rivas,KF116,"Psycholeptics drugs, Hypnotics and sedatives drugs",251700,"0,04","0,2",241632,40272,"4,1"
TRX2209743,30/04/2022,80525,Subang,Jawa Barat,"4,1",Jose Cantrell,KF116,"Psycholeptics drugs, Hypnotics and sedatives drugs",251700,"0,04","0,2",241632,40272,"4,6"
TRX8140255,12/07/2023,42307,Dumai,Riau,"4,6",Kimberly Nichols,KF116,"Psycholeptics drugs, Hypnotics and sedatives drugs",251700,"0,04","0,2",241632,40272,"3,2"
TRX3306529,27/03/2020,95634,Sorong,Papua Barat,"4,5",Carlos Griffith,KF116,"Psycholeptics drugs, Hypnotics and sedatives drugs",251700,"0,04","0,2",241632,40272,"4,9"
TRX8581420,13/12/2023,41701,Pekanbaru,Riau,"4,4",Lisa Navarro,KF116,"Psycholeptics drugs, Hypnotics and sedatives drugs",251700,"0,04","0,2",241632,40272,"4,9"
TRX5760393,17/02/2022,43334,Payakumbuh,Sumatera Barat,5,Jim Flores,KF116,"Psycholeptics drugs, Hypnotics and sedatives drugs",251700,"0,04","0,2",241632,40272,"3,1"
TRX6443399,08/01/2023,50164,Cianjur,Jawa Barat,"4,1",Erin Jones,KF116,"Psycholeptics drugs, Hypnotics and sedatives drugs",251700,"0,04","0,2",241632,40272,"4,2"
TRX6187610,06/06/2021,58848,Sibolga,Sumatera Utara,"4,7",Lori Allen,KF116,"Psycholeptics drugs, Hypnotics and sedatives drugs",251700,"0,04","0,2",241632,40272,"4,2"
TRX8789457,13/07/2020,43380,Palangkaraya,Kalimantan Tengah,"4,2",Kelly Sullivan,KF116,"Psycholeptics drugs, Hypnotics and sedatives drugs",251700,"0,04","0,2",241632,40272,"4,7"
TRX7571118,22/09/2021,21204,Sibolga,Sumatera Utara,5,Jeffrey Jenkins,KF116,"Psycholeptics drugs, Hypnotics and sedatives drugs",251700,"0,04","0,2",241632,40272,"4,7"
TRX7181035,01/01/2021,90897,Banjarmasin,Kalimantan Selatan,4,Melissa Maldonado,KF116,"Psycholeptics drugs, Hypnotics and sedatives drugs",251700,"0,04","0,2",241632,40272,3
TRX2928615,19/08/2023,20566,Lhokseumawe,Aceh,4,Stephanie Johnson,KF116,"Psycholeptics drugs, Hypnotics and sedatives drugs",251700,"0,04","0,2",241632,40272,"3,4"
TRX3471248,26/09/2021,99191,Karawang,Jawa Barat,"4,3",Lauren Kelly,KF116,"Psycholeptics drugs, Hypnotics and sedatives drugs",251700,"0,04","0,2",241632,40272,"3,7"
TRX6791440,20/01/2022,23909,Tasikmalaya,Jawa Barat,"4,8",Douglas Nixon,KF116,"Psycholeptics drugs, Hypnotics and sedatives drugs",251700,"0,04","0,2",241632,40272,"3,1"
TRX8934672,03/03/2020,35285,Bogor,Jawa Barat,"4,9",Taylor Sanchez,KF116,"Psycholeptics drugs, Hypnotics and sedatives drugs",251700,"0,04","0,2",241632,40272,"4,5"
TRX3987600,04/08/2020,69575,Garut,Jawa Barat,"4,2",Holly Wilson,KF116,"Psycholeptics drugs, Hypnotics and sedatives drugs",251700,"0,04","0,2",241632,40272,"4,5"
TRX7355862,14/01/2023,48250,Semarang,Jawa Tengah,"4,4",Darryl Fox,KF116,"Psycholeptics drugs, Hypnotics and sedatives drugs",251700,"0,04","0,2",241632,40272,5
TRX2419062,04/06/2021,37191,Bima,Nusa Tenggara Barat,"3,9",Hunter Jensen,KF116,"Psycholeptics drugs, Hypnotics and sedatives drugs",251700,"0,04","0,2",241632,40272,"3,9"
TRX4185149,16/05/2021,47547,Pontianak,Kalimantan Barat,"4,5",Terrence Thompson,KF116,"Psycholeptics drugs, Hypnotics and sedatives drugs",251700,"0,04","0,2",241632,40272,"4,3"
TRX2232787,28/01/2021,31706,Cirebon,Jawa Barat,"4,1",Dr. Jennifer Rojas,KF116,"Psycholeptics drugs, Hypnotics and sedatives drugs",251700,"0,04","0,2",241632,40272,"4,1"
TRX1980820,04/12/2022,95955,Palu,Sulawesi Tengah,"4,5",Caleb Bailey,KF116,"Psycholeptics drugs, Hypnotics and sedatives drugs",251700,"0,04","0,2",241632,40272,"3,2"
TRX3977953,25/11/2020,30749,Karawang,Jawa Barat,"4,6",Kristina Gordon,KF116,"Psycholeptics drugs, Hypnotics and sedatives drugs",251700,"0,04","0,2",241632,40272,"3,2"
TRX3663875,05/02/2021,76470,Purwakarta,Jawa Barat,"4,3",Jennifer Mosley DVM,KF116,"Psycholeptics drugs, Hypnotics and sedatives drugs",251700,"0,04","0,2",241632,40272,"4,9"
TRX7554618,31/08/2022,31345,Kuningan,Jawa Barat,"4,1",Jeffery Miller,KF116,"Psycholeptics drugs, Hypnotics and sedatives drugs",251700,"0,04","0,2",241632,40272,"4,9"
TRX9356295,25/03/2023,15943,Surabaya,Jawa Timur,"4,7",Paul Hall,KF116,"Psycholeptics drugs, Hypnotics and sedatives drugs",251700,"0,04","0,2",241632,40272,"3,5"
TRX8122888,18/04/2023,59934,Semarang,Jawa Tengah,"4,7",Shannon Johnson,KF116,"Psycholeptics drugs, Hypnotics and sedatives drugs",251700,"0,04","0,2",241632,40272,"3,4"
TRX9767133,23/06/2021,68676,Indramayu,Jawa Barat,"4,8",Sara Robinson,KF116,"Psycholeptics drugs, Hypnotics and sedatives drugs",251700,"0,04","0,2",241632,40272,"4,1"
TRX1439444,06/01/2020,43992,Bekasi,Jawa Barat,"4,1",Steven Cannon,KF116,"Psycholeptics drugs, Hypnotics and sedatives drugs",251700,"0,04","0,2",241632,40272,"3,6"
TRX3109754,17/01/2023,45283,Garut,Jawa Barat,"4,9",Stacey Singleton,KF116,"Psycholeptics drugs, Hypnotics and sedatives drugs",251700,"0,04","0,2",241632,40272,"3,4"
TRX5749382,04/11/2021,65560,Balikpapan,Kalimantan Timur,"4,7",Sierra Jones,KF116,"Psycholeptics drugs, Hypnotics and sedatives drugs",251700,"0,04","0,2",241632,40272,"4,3"
TRX2061786,20/09/2021,61885,Madiun,Jawa Timur,"4,5",Ariana Francis,KF116,"Psycholeptics drugs, Hypnotics and sedatives drugs",251700,"0,04","0,2",241632,40272,"4,8"
TRX9794341,04/03/2023,95120,Garut,Jawa Barat,"4,6",Heather English,KF116,"Psycholeptics drugs, Hypnotics and sedatives drugs",251700,"0,04","0,2",241632,40272,"4,4"
TRX6174454,02/10/2023,67645,Pekanbaru,Riau,4,Renee Valdez,KF116,"Psycholeptics drugs, Hypnotics and sedatives drugs",251700,"0,04","0,2",241632,40272,"4,9"
TRX4213222,05/05/2023,30749,Karawang,Jawa Barat,"4,6",Samuel Lucas,KF116,"Psycholeptics drugs, Hypnotics and sedatives drugs",251700,"0,04","0,2",241632,40272,"3,1"
TRX5516474,22/02/2022,44068,Banda Aceh,Aceh,"4,1",Gregory Wagner V,KF116,"Psycholeptics drugs, Hypnotics and sedatives drugs",251700,"0,04","0,2",241632,40272,"3,6"
TRX2408635,30/06/2023,80343,Jakarta,DKI Jakarta,"4,5",Heidi Baird,KF116,"Psycholeptics drugs, Hypnotics and sedatives drugs",251700,"0,04","0,2",241632,40272,"4,2"
TRX8331782,17/01/2022,45624,Surabaya,Jawa Timur,"4,9",Savannah Castaneda,KF116,"Psycholeptics drugs, Hypnotics and sedatives drugs",251700,"0,04","0,2",241632,40272,"3,5"
TRX5898720,14/04/2023,57911,Medan,Sumatera Utara,4,Deborah Rodriguez,KF116,"Psycholeptics drugs, Hypnotics and sedatives drugs",251700,"0,04","0,2",241632,40272,"3,4"
TRX4745165,24/05/2020,46706,Garut,Jawa Barat,"4,2",Chad Garcia,KF116,"Psycholeptics drugs, Hypnotics and sedatives drugs",251700,"0,04","0,2",241632,40272,"3,4"
TRX3786119,15/12/2023,12174,Pangkalpinang,Bangka Belitung,"4,7",William Morris,KF116,"Psycholeptics drugs, Hypnotics and sedatives drugs",251700,"0,04","0,2",241632,40272,"4,3"
TRX5249757,29/11/2023,63092,Padang Sidempuan,Sumatera Utara,"3,9",Peter Jones,KF116,"Psycholeptics drugs, Hypnotics and sedatives drugs",251700,"0,04","0,2",241632,40272,"3,8"
TRX1603578,18/01/2023,41347,Semarang,Jawa Tengah,"4,9",Brittany Bruce,KF116,"Psycholeptics drugs, Hypnotics and sedatives drugs",251700,"0,04","0,2",241632,40272,"3,7"
TRX9233521,18/01/2020,20721,Pematangsiantar,Sumatera Utara,"4,9",Lisa Bowman,KF116,"Psycholeptics drugs, Hypnotics and sedatives drugs",251700,"0,04","0,2",241632,40272,"4,4"
TRX3761086,16/07/2021,60999,Manado,Sulawesi Utara,"4,5",Dr. Joshua Long,KF116,"Psycholeptics drugs, Hypnotics and sedatives drugs",251700,"0,04","0,2",241632,40272,"4,9"
TRX7560056,03/12/2021,24143,Purwakarta,Jawa Barat,4,Christian Smith,KF116,"Psycholeptics drugs, Hypnotics and sedatives drugs",251700,"0,04","0,2",241632,40272,"3,9"
TRX5497355,31/03/2020,57196,Pematangsiantar,Sumatera Utara,"4,8",Timothy Castro,KF116,"Psycholeptics drugs, Hypnotics and sedatives drugs",251700,"0,04","0,2",241632,40272,"3,3"
TRX4300179,16/05/2020,65187,Tangerang,Banten,"4,5",Thomas Grimes,KF116,"Psycholeptics drugs, Hypnotics and sedatives drugs",251700,"0,04","0,2",241632,40272,"4,1"
TRX8457880,10/03/2023,93854,Pekanbaru,Riau,"4,5",Linda Stewart,KF116,"Psycholeptics drugs, Hypnotics and sedatives drugs",251700,"0,04","0,2",241632,40272,"4,6"
TRX5076592,03/12/2020,41023,Denpasar,Bali,"4,3",Nicole Chavez,KF116,"Psycholeptics drugs, Hypnotics and sedatives drugs",251700,"0,04","0,2",241632,40272,"4,4"
TRX1821263,30/01/2023,40330,Banda Aceh,Aceh,"3,9",Linda Arnold,KF116,"Psycholeptics drugs, Hypnotics and sedatives drugs",251700,"0,04","0,2",241632,40272,"4,9"
TRX7289106,24/10/2022,85310,Jakarta,DKI Jakarta,"3,9",Ana Frazier,KF116,"Psycholeptics drugs, Hypnotics and sedatives drugs",251700,"0,04","0,2",241632,40272,4
TRX2099698,13/01/2020,14002,Purwokerto,Jawa Tengah,"4,5",Kathleen Andrews,KF116,"Psycholeptics drugs, Hypnotics and sedatives drugs",251700,"0,04","0,2",241632,40272,"4,1"
TRX1784659,24/12/2022,46468,Bima,Nusa Tenggara Barat,"4,7",Steven White,KF116,"Psycholeptics drugs, Hypnotics and sedatives drugs",251700,"0,04","0,2",241632,40272,"3,1"
TRX2780062,17/12/2021,40544,Kendari,Sulawesi Tenggara,"4,8",Joshua Ford,KF116,"Psycholeptics drugs, Hypnotics and sedatives drugs",251700,"0,04","0,2",241632,40272,"3,6"
TRX7377310,27/02/2021,85471,Tangerang,Banten,"4,1",Tara Young,KF116,"Psycholeptics drugs, Hypnotics and sedatives drugs",251700,"0,04","0,2",241632,40272,"4,2"
TRX3079442,29/06/2020,40003,Ambon,Maluku,"4,8",Megan Powell DDS,KF116,"Psycholeptics drugs, Hypnotics and sedatives drugs",251700,"0,04","0,2",241632,40272,4
TRX2938815,17/09/2020,49588,Purwakarta,Jawa Barat,"4,4",David Cunningham,KF116,"Psycholeptics drugs, Hypnotics and sedatives drugs",251700,"0,04","0,2",241632,40272,"3,9"
TRX9842344,02/05/2021,93702,Jayapura,Papua,"4,3",Daniel White,KF116,"Psycholeptics drugs, Hypnotics and sedatives drugs",251700,"0,04","0,2",241632,40272,"3,9"
TRX1013881,05/02/2022,61932,Kupang,Nusa Tenggara Timur,"4,9",Kiara Oneal,KF116,"Psycholeptics drugs, Hypnotics and sedatives drugs",251700,"0,04","0,2",241632,40272,"4,3"
TRX5890310,14/03/2020,80444,Ternate,Maluku Utara,"4,2",Jason Black,KF116,"Psycholeptics drugs, Hypnotics and sedatives drugs",251700,"0,04","0,2",241632,40272,"3,8"
TRX2710803,16/11/2020,80557,Pariaman,Sumatera Barat,4,John Murray,KF116,"Psycholeptics drugs, Hypnotics and sedatives drugs",251700,"0,04","0,2",241632,40272,"4,9"
TRX6157838,08/12/2022,28557,Jambi,Jambi,"4,5",Zachary Taylor,KF116,"Psycholeptics drugs, Hypnotics and sedatives drugs",251700,"0,04","0,2",241632,40272,4
TRX9360287,22/06/2021,90382,Kuningan,Jawa Barat,"4,7",Travis Garcia,KF116,"Psycholeptics drugs, Hypnotics and sedatives drugs",251700,"0,04","0,2",241632,40272,"3,9"
TRX7957008,23/08/2020,57621,Jayapura,Papua,"4,9",Kerri Jackson,KF116,"Psycholeptics drugs, Hypnotics and sedatives drugs",251700,"0,04","0,2",241632,40272,"4,3"
TRX2538460,29/07/2021,94007,Ciamis,Jawa Barat,"4,6",Ronald Mercer,KF116,"Psycholeptics drugs, Hypnotics and sedatives drugs",251700,"0,04","0,2",241632,40272,"4,6"
TRX7333673,03/05/2023,23145,Pangkalpinang,Bangka Belitung,"4,3",Jacob Nolan,KF116,"Psycholeptics drugs, Hypnotics and sedatives drugs",251700,"0,04","0,2",241632,40272,"3,7"
TRX8611262,20/09/2020,37302,Dumai,Riau,"4,7",Michael Mitchell,KF116,"Psycholeptics drugs, Hypnotics and sedatives drugs",251700,"0,04","0,2",241632,40272,"4,2"
TRX7563890,07/03/2020,66037,Subang,Jawa Barat,"4,2",Micheal Smith,KF116,"Psycholeptics drugs, Hypnotics and sedatives drugs",251700,"0,04","0,2",241632,40272,"4,7"
TRX9070137,07/01/2023,66696,Denpasar,Bali,4,Jason Cardenas,KF116,"Psycholeptics drugs, Hypnotics and sedatives drugs",251700,"0,04","0,2",241632,40272,4
TRX7071914,14/06/2023,98258,Sukabumi,Jawa Barat,"4,2",Ryan Torres,KF116,"Psycholeptics drugs, Hypnotics and sedatives drugs",251700,"0,04","0,2",241632,40272,"3,3"
TRX5363019,25/10/2023,37946,Cirebon,Jawa Barat,"4,1",Kimberly Yates,KF116,"Psycholeptics drugs, Hypnotics and sedatives drugs",251700,"0,04","0,2",241632,40272,"4,6"
TRX1261639,07/01/2023,38462,Palangkaraya,Kalimantan Tengah,"4,6",Shari Cox,KF116,"Psycholeptics drugs, Hypnotics and sedatives drugs",251700,"0,04","0,2",241632,40272,"4,6"
TRX1337792,17/09/2023,48590,Garut,Jawa Barat,"4,9",Joanna Koch,KF116,"Psycholeptics drugs, Hypnotics and sedatives drugs",251700,"0,04","0,2",241632,40272,"3,2"
TRX4826655,20/06/2022,49545,Tarakan,Kalimantan Utara,"4,8",Jay Rodriguez,KF116,"Psycholeptics drugs, Hypnotics and sedatives drugs",251700,"0,04","0,2",241632,40272,"4,4"
TRX9889014,14/02/2023,73875,Pontianak,Kalimantan Barat,"4,2",William Garcia,KF116,"Psycholeptics drugs, Hypnotics and sedatives drugs",251700,"0,04","0,2",241632,40272,"4,4"
TRX3577729,15/02/2020,94651,Probolinggo,Jawa Timur,5,Jennifer Gordon,KF116,"Psycholeptics drugs, Hypnotics and sedatives drugs",251700,"0,04","0,2",241632,40272,"4,9"
TRX3844258,29/12/2021,87721,Manado,Sulawesi Utara,"4,6",Dawn Rodriguez,KF116,"Psycholeptics drugs, Hypnotics and sedatives drugs",251700,"0,04","0,2",241632,40272,"3,6"
TRX1128488,27/12/2021,41296,Samarinda,Kalimantan Timur,"4,8",Joseph Ewing,KF116,"Psycholeptics drugs, Hypnotics and sedatives drugs",251700,"0,04","0,2",241632,40272,"4,5"
TRX7097645,04/09/2023,91503,Solok,Sumatera Barat,"4,1",Angela Phillips,KF116,"Psycholeptics drugs, Hypnotics and sedatives drugs",251700,"0,04","0,2",241632,40272,"4,5"
TRX9317842,11/08/2021,49588,Purwakarta,Jawa Barat,"4,4",Ashley Knapp,KF116,"Psycholeptics drugs, Hypnotics and sedatives drugs",251700,"0,04","0,2",241632,40272,"4,3"
TRX7727174,20/03/2021,13467,Surabaya,Jawa Timur,"4,3",Randy Norton,KF116,"Psycholeptics drugs, Hypnotics and sedatives drugs",251700,"0,04","0,2",241632,40272,"3,8"
TRX6314932,08/01/2020,17543,Palu,Sulawesi Tengah,"4,4",Caitlyn Dunn,KF116,"Psycholeptics drugs, Hypnotics and sedatives drugs",251700,"0,04","0,2",241632,40272,"3,7"
TRX9655245,07/02/2021,45833,Mataram,Nusa Tenggara Barat,"4,2",Michelle Mitchell,KF116,"Psycholeptics drugs, Hypnotics and sedatives drugs",251700,"0,04","0,2",241632,40272,"4,2"
TRX2165483,14/11/2021,22840,Pontianak,Kalimantan Barat,"4,1",Michele Watts,KF116,"Psycholeptics drugs, Hypnotics and sedatives drugs",251700,"0,04","0,2",241632,40272,"3,5"
TRX3262155,10/04/2023,61885,Madiun,Jawa Timur,"4,5",Scott Carlson,KF116,"Psycholeptics drugs, Hypnotics and sedatives drugs",251700,"0,04","0,2",241632,40272,"3,5"
TRX5595731,10/02/2020,71911,Probolinggo,Jawa Timur,"4,1",Jacob Edwards,KF116,"Psycholeptics drugs, Hypnotics and sedatives drugs",251700,"0,04","0,2",241632,40272,4
TRX9573126,23/11/2022,26356,Tanjungpinang,Kepulauan Riau,"4,9",George Meadows,KF116,"Psycholeptics drugs, Hypnotics and sedatives drugs",251700,"0,04","0,2",241632,40272,"4,5"
TRX1364564,01/10/2023,42938,Makassar,Sulawesi Selatan,"4,2",Robin Stevenson,KF116,"Psycholeptics drugs, Hypnotics and sedatives drugs",251700,"0,04","0,2",241632,40272,"4,3"
TRX6614863,30/05/2020,48635,Pangkalpinang,Bangka Belitung,"4,3",Brooke Zimmerman,KF116,"Psycholeptics drugs, Hypnotics and sedatives drugs",251700,"0,04","0,2",241632,40272,"4,8"
TRX7849350,22/01/2022,92115,Purwakarta,Jawa Barat,"4,5",Brian Vaughn,KF116,"Psycholeptics drugs, Hypnotics and sedatives drugs",251700,"0,04","0,2",241632,40272,3
TRX4671319,12/09/2020,68902,Malang,Jawa Timur,"4,3",Charles Baldwin,KF116,"Psycholeptics drugs, Hypnotics and sedatives drugs",251700,"0,04","0,2",241632,40272,"4,3"
TRX6752560,14/10/2021,46605,Balikpapan,Kalimantan Timur,"4,2",Thomas Thomas,KF116,"Psycholeptics drugs, Hypnotics and sedatives drugs",251700,"0,04","0,2",241632,40272,"4,6"
TRX3560037,19/08/2020,44691,Jambi,Jambi,5,Tristan Vargas,KF116,"Psycholeptics drugs, Hypnotics and sedatives drugs",251700,"0,04","0,2",241632,40272,"3,7"
TRX6777901,22/04/2023,48459,Sibolga,Sumatera Utara,4,Carrie Garcia,KF116,"Psycholeptics drugs, Hypnotics and sedatives drugs",251700,"0,04","0,2",241632,40272,"4,2"
TRX8210582,03/11/2021,27017,Jakarta,DKI Jakarta,"4,4",Andrew Lowe,KF116,"Psycholeptics drugs, Hypnotics and sedatives drugs",251700,"0,04","0,2",241632,40272,"3,3"
TRX9242658,11/09/2023,29371,Kendari,Sulawesi Tenggara,"4,8",William Berg,KF116,"Psycholeptics drugs, Hypnotics and sedatives drugs",251700,"0,04","0,2",241632,40272,"4,1"
TRX1621320,31/05/2023,62913,Palembang,Sumatera Selatan,"4,5",Brittany Marshall,KF116,"Psycholeptics drugs, Hypnotics and sedatives drugs",251700,"0,04","0,2",241632,40272,"3,7"
TRX1428578,28/11/2020,94051,Gorontalo,Gorontalo,"4,9",Robert White,KF116,"Psycholeptics drugs, Hypnotics and sedatives drugs",251700,"0,04","0,2",241632,40272,"3,7"
TRX5596304,30/10/2022,16311,Purwakarta,Jawa Barat,"4,6",Christina Castillo,KF116,"Psycholeptics drugs, Hypnotics and sedatives drugs",251700,"0,04","0,2",241632,40272,"4,4"
TRX9537576,20/05/2020,96462,Semarang,Jawa Tengah,"4,1",Angie Williams,KF116,"Psycholeptics drugs, Hypnotics and sedatives drugs",251700,"0,04","0,2",241632,40272,"3,5"
TRX8563572,04/05/2021,41183,Gorontalo,Gorontalo,"4,8",John Phillips,KF116,"Psycholeptics drugs, Hypnotics and sedatives drugs",251700,"0,04","0,2",241632,40272,"4,5"
TRX8788291,15/04/2020,15370,Palembang,Sumatera Selatan,"4,1",Cory Mclaughlin,KF116,"Psycholeptics drugs, Hypnotics and sedatives drugs",251700,"0,04","0,2",241632,40272,"4,8"
TRX6162319,03/05/2022,61289,Palembang,Sumatera Selatan,4,Daniel Watson,KF116,"Psycholeptics drugs, Hypnotics and sedatives drugs",251700,"0,04","0,2",241632,40272,"3,8"
TRX2244168,16/10/2022,54503,Palangkaraya,Kalimantan Tengah,"4,9",Linda Alvarado,KF116,"Psycholeptics drugs, Hypnotics and sedatives drugs",251700,"0,04","0,2",241632,40272,"4,6"
TRX3908419,25/10/2023,57562,Probolinggo,Jawa Timur,5,Sandra Kelley,KF116,"Psycholeptics drugs, Hypnotics and sedatives drugs",251700,"0,04","0,2",241632,40272,"3,2"
TRX4060067,28/06/2021,34669,Solok,Sumatera Barat,"4,7",Kimberly Edwards,KF116,"Psycholeptics drugs, Hypnotics and sedatives drugs",251700,"0,04","0,2",241632,40272,"4,2"
TRX3325532,01/06/2021,73625,Kotamobagu,Sulawesi Utara,"4,9",Michele Tyler,KF116,"Psycholeptics drugs, Hypnotics and sedatives drugs",251700,"0,04","0,2",241632,40272,"4,7"
TRX6443206,24/06/2023,90145,Padang Sidempuan,Sumatera Utara,"4,5",Johnny Murphy,KF116,"Psycholeptics drugs, Hypnotics and sedatives drugs",251700,"0,04","0,2",241632,40272,"4,7"
TRX4982618,17/01/2023,36721,Garut,Jawa Barat,"4,9",James Smith,KF116,"Psycholeptics drugs, Hypnotics and sedatives drugs",251700,"0,04","0,2",241632,40272,5
TRX4297294,09/06/2020,39746,Purwakarta,Jawa Barat,"4,1",Brandi Peterson,KF116,"Psycholeptics drugs, Hypnotics and sedatives drugs",251700,"0,04","0,2",241632,40272,5
TRX3055769,15/11/2022,66462,Tebing Tinggi,Sumatera Utara,4,Phillip Estrada,KF116,"Psycholeptics drugs, Hypnotics and sedatives drugs",251700,"0,04","0,2",241632,40272,"3,4"
TRX2290245,03/09/2021,13864,Tangerang,Banten,"4,7",Jason Woods,KF116,"Psycholeptics drugs, Hypnotics and sedatives drugs",251700,"0,04","0,2",241632,40272,"4,8"
TRX9149419,14/08/2021,30926,Garut,Jawa Barat,"4,2",Tina Campbell,KF116,"Psycholeptics drugs, Hypnotics and sedatives drugs",251700,"0,04","0,2",241632,40272,"3,7"
TRX2617563,22/06/2021,74030,Bitung,Sulawesi Utara,"4,5",Shannon Crosby,KF116,"Psycholeptics drugs, Hypnotics and sedatives drugs",251700,"0,04","0,2",241632,40272,"3,7"
TRX6374367,16/12/2023,55703,Ciamis,Jawa Barat,"4,5",Charles Eaton,KF116,"Psycholeptics drugs, Hypnotics and sedatives drugs",251700,"0,04","0,2",241632,40272,"3,1"
TRX2618430,18/05/2022,70985,Manado,Sulawesi Utara,"4,3",Michael Morris,KF116,"Psycholeptics drugs, Hypnotics and sedatives drugs",251700,"0,04","0,2",241632,40272,"4,7"
TRX7064077,21/06/2021,86546,Pematangsiantar,Sumatera Utara,"4,5",Tamara Bruce,KF116,"Psycholeptics drugs, Hypnotics and sedatives drugs",251700,"0,04","0,2",241632,40272,3
TRX1480918,27/03/2023,38353,Karawang,Jawa Barat,"4,3",Dr. Robert Daniels,KF116,"Psycholeptics drugs, Hypnotics and sedatives drugs",251700,"0,04","0,2",241632,40272,"4,3"
TRX6605976,12/01/2021,87800,Purwokerto,Jawa Tengah,"4,6",Adam Sparks,KF116,"Psycholeptics drugs, Hypnotics and sedatives drugs",251700,"0,04","0,2",241632,40272,"3,2"
TRX7916082,25/07/2023,78847,Batam,Kepulauan Riau,"4,6",Lindsey Reid,KF116,"Psycholeptics drugs, Hypnotics and sedatives drugs",251700,"0,04","0,2",241632,40272,"4,4"
TRX1458023,22/01/2023,38373,Bandung,Jawa Barat,4,Shelby Gallagher,KF116,"Psycholeptics drugs, Hypnotics and sedatives drugs",251700,"0,04","0,2",241632,40272,"4,4"
TRX6282062,27/08/2020,85549,Ciamis,Jawa Barat,4,John Gregory,KF116,"Psycholeptics drugs, Hypnotics and sedatives drugs",251700,"0,04","0,2",241632,40272,"4,7"
TRX9308155,28/02/2023,36450,Indramayu,Jawa Barat,"4,5",Christopher Miller,KF116,"Psycholeptics drugs, Hypnotics and sedatives drugs",251700,"0,04","0,2",241632,40272,"4,5"
TRX8341568,04/03/2021,34591,Jayapura,Papua,"4,4",Nicole Coffey,KF116,"Psycholeptics drugs, Hypnotics and sedatives drugs",251700,"0,04","0,2",241632,40272,"3,9"
TRX7099777,07/01/2022,67373,Subang,Jawa Barat,"4,6",Michelle Romero,KF116,"Psycholeptics drugs, Hypnotics and sedatives drugs",251700,"0,04","0,2",241632,40272,"3,9"
TRX1648955,24/12/2021,24559,Kendari,Sulawesi Tenggara,5,Steven Brown,KF116,"Psycholeptics drugs, Hypnotics and sedatives drugs",251700,"0,04","0,2",241632,40272,"4,6"
TRX6023590,11/04/2022,61932,Kupang,Nusa Tenggara Timur,"4,9",Jennifer Houston,KF116,"Psycholeptics drugs, Hypnotics and sedatives drugs",251700,"0,04","0,2",241632,40272,"3,2"
TRX8252995,06/10/2020,78384,Gorontalo,Gorontalo,"4,8",Christopher Elliott,KF116,"Psycholeptics drugs, Hypnotics and sedatives drugs",251700,"0,04","0,2",241632,40272,"3,5"
TRX1655741,22/12/2022,38373,Bandung,Jawa Barat,4,Ryan Soto,KF116,"Psycholeptics drugs, Hypnotics and sedatives drugs",251700,"0,04","0,2",241632,40272,"4,3"
TRX3180739,18/10/2021,74649,Dumai,Riau,"4,4",Janet Welch,KF116,"Psycholeptics drugs, Hypnotics and sedatives drugs",251700,"0,04","0,2",241632,40272,"3,7"
TRX9043247,17/02/2022,41261,Deli Serdang,Sumatera Utara,"4,6",Audrey Brown,KF116,"Psycholeptics drugs, Hypnotics and sedatives drugs",251700,"0,04","0,2",241632,40272,"4,4"
TRX9990731,05/01/2022,23355,Padang Sidempuan,Sumatera Utara,"4,6",Kayla Benton,KF116,"Psycholeptics drugs, Hypnotics and sedatives drugs",251700,"0,04","0,2",241632,40272,"3,6"
TRX8553179,18/05/2023,73957,Banjarmasin,Kalimantan Selatan,"4,4",Martha Parks,KF116,"Psycholeptics drugs, Hypnotics and sedatives drugs",251700,"0,04","0,2",241632,40272,"4,2"
TRX8754551,26/01/2020,29933,Sukabumi,Jawa Barat,"4,2",Elizabeth Burns,KF116,"Psycholeptics drugs, Hypnotics and sedatives drugs",251700,"0,04","0,2",241632,40272,"4,5"
TRX2979029,17/09/2020,62222,Probolinggo,Jawa Timur,"4,4",Michael Allen,KF116,"Psycholeptics drugs, Hypnotics and sedatives drugs",251700,"0,04","0,2",241632,40272,"3,6"
TRX8000776,30/07/2022,16057,Garut,Jawa Barat,"4,8",Christopher Cunningham,KF116,"Psycholeptics drugs, Hypnotics and sedatives drugs",251700,"0,04","0,2",241632,40272,"4,7"
TRX5076508,15/12/2023,66717,Subang,Jawa Barat,"4,2",Joseph Brown,KF116,"Psycholeptics drugs, Hypnotics and sedatives drugs",251700,"0,04","0,2",241632,40272,4
TRX7736058,09/08/2022,73008,Mataram,Nusa Tenggara Barat,5,Jonathan Peterson,KF116,"Psycholeptics drugs, Hypnotics and sedatives drugs",251700,"0,04","0,2",241632,40272,"3,4"
TRX7705389,28/08/2023,99182,Makassar,Sulawesi Selatan,"4,6",Marcus Taylor,KF116,"Psycholeptics drugs, Hypnotics and sedatives drugs",251700,"0,04","0,2",241632,40272,"3,8"
TRX7303086,08/08/2022,23057,Gorontalo,Gorontalo,"4,3",Danielle Morgan,KF116,"Psycholeptics drugs, Hypnotics and sedatives drugs",251700,"0,04","0,2",241632,40272,"4,4"
TRX2385882,17/06/2021,28923,Purwakarta,Jawa Barat,"4,2",Douglas Mann,KF116,"Psycholeptics drugs, Hypnotics and sedatives drugs",251700,"0,04","0,2",241632,40272,"4,4"
TRX9188574,10/02/2023,82095,Tomohon,Sulawesi Utara,"4,4",Brenda Hicks,KF116,"Psycholeptics drugs, Hypnotics and sedatives drugs",251700,"0,04","0,2",241632,40272,"4,4"
TRX8008371,28/08/2023,30539,Kuningan,Jawa Barat,"4,4",Kimberly Klein,KF116,"Psycholeptics drugs, Hypnotics and sedatives drugs",251700,"0,04","0,2",241632,40272,"3,6"
TRX2135354,26/07/2022,42286,Ciamis,Jawa Barat,"4,5",Ryan Gomez,KF116,"Psycholeptics drugs, Hypnotics and sedatives drugs",251700,"0,04","0,2",241632,40272,"3,6"
TRX7333291,31/05/2023,89265,Makassar,Sulawesi Selatan,"4,9",Allen Melendez,KF116,"Psycholeptics drugs, Hypnotics and sedatives drugs",251700,"0,04","0,2",241632,40272,4
TRX3290119,10/03/2020,96387,Malang,Jawa Timur,"4,9",Joshua Barnes,KF116,"Psycholeptics drugs, Hypnotics and sedatives drugs",251700,"0,04","0,2",241632,40272,"4,5"
TRX3518333,05/04/2022,64642,Tebing Tinggi,Sumatera Utara,"4,7",Charles Walker,KF116,"Psycholeptics drugs, Hypnotics and sedatives drugs",251700,"0,04","0,2",241632,40272,5
TRX3584423,09/11/2022,30640,Pangkalpinang,Bangka Belitung,"4,3",Cynthia Lewis,KF116,"Psycholeptics drugs, Hypnotics and sedatives drugs",251700,"0,04","0,2",241632,40272,5
TRX9552745,30/09/2020,80673,Kendari,Sulawesi Tenggara,"4,6",Jason Frye,KF116,"Psycholeptics drugs, Hypnotics and sedatives drugs",251700,"0,04","0,2",241632,40272,"3,4"
TRX5840782,11/01/2021,95120,Garut,Jawa Barat,"4,6",Brandon Simmons,KF116,"Psycholeptics drugs, Hypnotics and sedatives drugs",251700,"0,04","0,2",241632,40272,"3,9"
TRX3290447,16/05/2022,58103,Karawang,Jawa Barat,"4,7",Brandon Smith,KF116,"Psycholeptics drugs, Hypnotics and sedatives drugs",251700,"0,04","0,2",241632,40272,"3,8"
TRX3442745,26/04/2022,99657,Madiun,Jawa Timur,"4,7",Emily Martinez,KF116,"Psycholeptics drugs, Hypnotics and sedatives drugs",251700,"0,04","0,2",241632,40272,"4,6"
TRX6985247,24/08/2020,68745,Gorontalo,Gorontalo,"4,3",William Young,KF116,"Psycholeptics drugs, Hypnotics and sedatives drugs",251700,"0,04","0,2",241632,40272,"3,7"
TRX3456078,16/09/2020,21754,Pontianak,Kalimantan Barat,5,Christian Fields Jr.,KF116,"Psycholeptics drugs, Hypnotics and sedatives drugs",251700,"0,04","0,2",241632,40272,"3,7"
TRX7837470,09/08/2022,80242,Subang,Jawa Barat,"4,2",Timothy Randolph,KF116,"Psycholeptics drugs, Hypnotics and sedatives drugs",251700,"0,04","0,2",241632,40272,"3,6"
TRX3087094,28/10/2020,69110,Ternate,Maluku Utara,"4,9",Stephen Cortez,KF116,"Psycholeptics drugs, Hypnotics and sedatives drugs",251700,"0,04","0,2",241632,40272,"3,6"
TRX1026537,24/11/2021,78489,Kotamobagu,Sulawesi Utara,"4,9",Tony Leonard,KF116,"Psycholeptics drugs, Hypnotics and sedatives drugs",251700,"0,04","0,2",241632,40272,4
TRX7550168,19/05/2023,54826,Mataram,Nusa Tenggara Barat,"4,1",Henry Sanchez,KF116,"Psycholeptics drugs, Hypnotics and sedatives drugs",251700,"0,04","0,2",241632,40272,"3,1"
TRX7010495,03/11/2022,37651,Payakumbuh,Sumatera Barat,"4,1",Brenda Johnston,KF116,"Psycholeptics drugs, Hypnotics and sedatives drugs",251700,"0,04","0,2",241632,40272,"3,5"
TRX3452171,03/11/2021,11999,Tasikmalaya,Jawa Barat,"4,1",Tammy Austin,KF116,"Psycholeptics drugs, Hypnotics and sedatives drugs",251700,"0,04","0,2",241632,40272,"3,5"
TRX3604983,01/08/2023,52852,Palembang,Sumatera Selatan,"4,3",Kyle Myers,KF116,"Psycholeptics drugs, Hypnotics and sedatives drugs",251700,"0,04","0,2",241632,40272,4
TRX9403304,21/11/2022,19224,Purwakarta,Jawa Barat,"4,4",Dawn Howard,KF116,"Psycholeptics drugs, Hypnotics and sedatives drugs",251700,"0,04","0,2",241632,40272,"3,4"
TRX8584739,14/03/2022,53721,Mataram,Nusa Tenggara Barat,"4,4",Lisa Meyer,KF116,"Psycholeptics drugs, Hypnotics and sedatives drugs",251700,"0,04","0,2",241632,40272,"4,3"
TRX3571717,25/02/2022,12707,Palu,Sulawesi Tengah,"4,5",Erika Bennett,KF116,"Psycholeptics drugs, Hypnotics and sedatives drugs",251700,"0,04","0,2",241632,40272,"4,1"
TRX2978180,27/01/2021,67860,Bontang,Kalimantan Timur,"4,3",Richard Lawrence,KF116,"Psycholeptics drugs, Hypnotics and sedatives drugs",251700,"0,04","0,2",241632,40272,"4,6"
TRX1455301,18/11/2023,83839,Langsa,Aceh,"4,9",Joshua Campbell,KF116,"Psycholeptics drugs, Hypnotics and sedatives drugs",251700,"0,04","0,2",241632,40272,"3,5"
TRX1905999,13/07/2021,84922,Tasikmalaya,Jawa Barat,"4,1",Thomas Wallace,KF116,"Psycholeptics drugs, Hypnotics and sedatives drugs",251700,"0,04","0,2",241632,40272,"3,9"
TRX9294196,14/08/2023,92936,Ciamis,Jawa Barat,"4,9",Steven Dawson,KF116,"Psycholeptics drugs, Hypnotics and sedatives drugs",251700,"0,04","0,2",241632,40272,"3,8"
TRX2398621,15/01/2021,30119,Palembang,Sumatera Selatan,"4,3",Eric Brown,KF116,"Psycholeptics drugs, Hypnotics and sedatives drugs",251700,"0,04","0,2",241632,40272,"3,7"
TRX1404754,11/12/2020,89769,Sukabumi,Jawa Barat,"4,6",Joseph Kim,KF116,"Psycholeptics drugs, Hypnotics and sedatives drugs",251700,"0,04","0,2",241632,40272,"4,9"
TRX6060244,21/06/2020,93401,Ambon,Maluku,"4,5",Jennifer Olson,KF116,"Psycholeptics drugs, Hypnotics and sedatives drugs",251700,"0,04","0,2",241632,40272,3
TRX1162407,25/10/2023,18235,Pekanbaru,Riau,"4,8",Amy Ramos,KF116,"Psycholeptics drugs, Hypnotics and sedatives drugs",251700,"0,04","0,2",241632,40272,5
TRX1559312,05/04/2022,54110,Solok,Sumatera Barat,4,Melissa Jones,KF116,"Psycholeptics drugs, Hypnotics and sedatives drugs",251700,"0,04","0,2",241632,40272,"4,8"
TRX1891400,08/03/2022,72429,Karawang,Jawa Barat,"4,3",Robert Gregory,KF116,"Psycholeptics drugs, Hypnotics and sedatives drugs",251700,"0,04","0,2",241632,40272,"3,7"
TRX3146446,24/08/2023,48250,Semarang,Jawa Tengah,"4,4",Joshua Williams,KF116,"Psycholeptics drugs, Hypnotics and sedatives drugs",251700,"0,04","0,2",241632,40272,"3,1"
TRX4061583,18/01/2021,29810,Kendari,Sulawesi Tenggara,"4,8",Craig Booth,KF116,"Psycholeptics drugs, Hypnotics and sedatives drugs",251700,"0,04","0,2",241632,40272,"3,6"
TRX7356295,17/09/2020,66023,Tomohon,Sulawesi Utara,"4,2",Zachary Walker,KF116,"Psycholeptics drugs, Hypnotics and sedatives drugs",251700,"0,04","0,2",241632,40272,5
TRX6376634,31/10/2021,46746,Jambi,Jambi,"4,9",Lauren Hansen,KF116,"Psycholeptics drugs, Hypnotics and sedatives drugs",251700,"0,04","0,2",241632,40272,"3,3"
TRX5171596,11/11/2020,45521,Pekanbaru,Riau,"4,8",Stephen Jones,KF116,"Psycholeptics drugs, Hypnotics and sedatives drugs",251700,"0,04","0,2",241632,40272,"3,8"
TRX7642320,17/01/2020,73814,Purwakarta,Jawa Barat,"4,7",Brittany Campbell,KF116,"Psycholeptics drugs, Hypnotics and sedatives drugs",251700,"0,04","0,2",241632,40272,"3,8"
TRX9327139,28/01/2022,96919,Palu,Sulawesi Tengah,"4,9",Dawn Mckee,KF116,"Psycholeptics drugs, Hypnotics and sedatives drugs",251700,"0,04","0,2",241632,40272,"4,1"
TRX7603211,16/11/2020,15668,Cianjur,Jawa Barat,"4,3",Christina Duncan,KF116,"Psycholeptics drugs, Hypnotics and sedatives drugs",251700,"0,04","0,2",241632,40272,"4,6"
TRX2218568,09/01/2022,14469,Purwokerto,Jawa Tengah,5,Mary Torres,KF116,"Psycholeptics drugs, Hypnotics and sedatives drugs",251700,"0,04","0,2",241632,40272,"3,2"
TRX7917122,15/10/2021,56229,Palangkaraya,Kalimantan Tengah,"4,8",Jamie Velasquez,KF116,"Psycholeptics drugs, Hypnotics and sedatives drugs",251700,"0,04","0,2",241632,40272,"3,1"
TRX7968627,25/04/2021,58133,Garut,Jawa Barat,"4,7",Tamara Townsend,KF116,"Psycholeptics drugs, Hypnotics and sedatives drugs",251700,"0,04","0,2",241632,40272,"4,5"
TRX2852292,29/01/2020,53822,Manado,Sulawesi Utara,"4,9",Tiffany Bradley,KF116,"Psycholeptics drugs, Hypnotics and sedatives drugs",251700,"0,04","0,2",241632,40272,"3,4"
TRX9493388,20/02/2023,31737,Mataram,Nusa Tenggara Barat,"4,2",Miguel Galloway,KF116,"Psycholeptics drugs, Hypnotics and sedatives drugs",251700,"0,04","0,2",241632,40272,3
TRX2271864,10/02/2021,53822,Manado,Sulawesi Utara,"4,9",Dennis Boyd,KF116,"Psycholeptics drugs, Hypnotics and sedatives drugs",251700,"0,04","0,2",241632,40272,"3,9"
TRX8087603,19/12/2022,69003,Kendari,Sulawesi Tenggara,"4,4",Joyce Nguyen,KF116,"Psycholeptics drugs, Hypnotics and sedatives drugs",251700,"0,04","0,2",241632,40272,"4,3"
TRX5283668,07/04/2020,22874,Cilacap,Jawa Tengah,"4,9",Aaron Walters,KF116,"Psycholeptics drugs, Hypnotics and sedatives drugs",251700,"0,04","0,2",241632,40272,"3,7"
TRX5064993,10/06/2023,65740,Garut,Jawa Barat,4,Donna Quinn,KF116,"Psycholeptics drugs, Hypnotics and sedatives drugs",251700,"0,04","0,2",241632,40272,"4,9"
TRX9684624,18/11/2023,59607,Magelang,Jawa Tengah,"4,3",Sarah Allen,KF116,"Psycholeptics drugs, Hypnotics and sedatives drugs",251700,"0,04","0,2",241632,40272,"3,1"
TRX8928173,09/03/2023,25868,Kupang,Nusa Tenggara Timur,5,Michael Thomas,KF116,"Psycholeptics drugs, Hypnotics and sedatives drugs",251700,"0,04","0,2",241632,40272,"4,3"
TRX8740781,15/05/2023,49504,Karawang,Jawa Barat,"4,3",Brian Shea,KF116,"Psycholeptics drugs, Hypnotics and sedatives drugs",251700,"0,04","0,2",241632,40272,"3,3"
TRX7350952,15/11/2020,29626,Bitung,Sulawesi Utara,"4,6",Wanda Robertson,KF116,"Psycholeptics drugs, Hypnotics and sedatives drugs",251700,"0,04","0,2",241632,40272,"3,3"
TRX5940757,30/09/2020,28380,Bekasi,Jawa Barat,"4,1",Anthony Willis,KF116,"Psycholeptics drugs, Hypnotics and sedatives drugs",251700,"0,04","0,2",241632,40272,"4,6"
TRX6870214,15/05/2022,26025,Kotamobagu,Sulawesi Utara,"4,8",Lori Fields,KF116,"Psycholeptics drugs, Hypnotics and sedatives drugs",251700,"0,04","0,2",241632,40272,"4,4"
TRX1080671,26/11/2021,48790,Cikampek,Jawa Barat,"4,6",Kevin Reed,KF116,"Psycholeptics drugs, Hypnotics and sedatives drugs",251700,"0,04","0,2",241632,40272,"4,9"
TRX2684296,14/02/2020,98443,Banda Aceh,Aceh,"4,5",Robert Robinson,KF116,"Psycholeptics drugs, Hypnotics and sedatives drugs",251700,"0,04","0,2",241632,40272,"4,9"
TRX2102005,16/05/2022,74030,Bitung,Sulawesi Utara,"4,5",Sergio Weiss,KF116,"Psycholeptics drugs, Hypnotics and sedatives drugs",251700,"0,04","0,2",241632,40272,"3,1"
TRX2997144,03/08/2021,30203,Pematangsiantar,Sumatera Utara,"4,8",Lisa Johnson,KF116,"Psycholeptics drugs, Hypnotics and sedatives drugs",251700,"0,04","0,2",241632,40272,"4,7"
TRX8802591,23/04/2020,51033,Pematangsiantar,Sumatera Utara,5,Natasha Santiago,KF116,"Psycholeptics drugs, Hypnotics and sedatives drugs",251700,"0,04","0,2",241632,40272,3
TRX7382219,08/07/2022,72458,Kupang,Nusa Tenggara Timur,"4,8",Angie David,KF116,"Psycholeptics drugs, Hypnotics and sedatives drugs",251700,"0,04","0,2",241632,40272,"3,9"
TRX5711172,26/03/2021,89156,Pontianak,Kalimantan Barat,4,Christopher Moore,KF116,"Psycholeptics drugs, Hypnotics and sedatives drugs",251700,"0,04","0,2",241632,40272,"3,2"
TRX7697806,13/03/2023,97507,Pekanbaru,Riau,"4,1",Calvin Sullivan,KF116,"Psycholeptics drugs, Hypnotics and sedatives drugs",251700,"0,04","0,2",241632,40272,"4,7"
TRX6185831,22/03/2021,19498,Madiun,Jawa Timur,"4,5",Christopher Bennett,KF116,"Psycholeptics drugs, Hypnotics and sedatives drugs",251700,"0,04","0,2",241632,40272,"4,8"
TRX4371494,04/07/2023,89767,Denpasar,Bali,"4,5",Mark Greene,KF116,"Psycholeptics drugs, Hypnotics and sedatives drugs",251700,"0,04","0,2",241632,40272,"4,1"
TRX6222281,25/08/2023,61885,Madiun,Jawa Timur,"4,5",Stephen Richards,KF116,"Psycholeptics drugs, Hypnotics and sedatives drugs",251700,"0,04","0,2",241632,40272,"4,1"
TRX1593909,17/10/2022,54372,Padang,Sumatera Barat,"4,2",John Brown,KF116,"Psycholeptics drugs, Hypnotics and sedatives drugs",251700,"0,04","0,2",241632,40272,"3,1"
TRX9091483,21/04/2022,39527,Banjarmasin,Kalimantan Selatan,"4,6",David Rush,KF116,"Psycholeptics drugs, Hypnotics and sedatives drugs",251700,"0,04","0,2",241632,40272,"3,6"
TRX6782225,23/09/2020,69213,Padang,Sumatera Barat,"4,8",Nicole Solomon,KF116,"Psycholeptics drugs, Hypnotics and sedatives drugs",251700,"0,04","0,2",241632,40272,"4,2"
TRX1970172,21/08/2022,53876,Pangkalpinang,Bangka Belitung,"4,2",Katherine Allen,KF116,"Psycholeptics drugs, Hypnotics and sedatives drugs",251700,"0,04","0,2",241632,40272,"4,7"
TRX7602767,08/08/2021,26358,Dumai,Riau,"4,7",Crystal Swanson,KF116,"Psycholeptics drugs, Hypnotics and sedatives drugs",251700,"0,04","0,2",241632,40272,"3,9"
TRX8138035,28/01/2022,71911,Probolinggo,Jawa Timur,"4,1",Tanya Martinez,KF116,"Psycholeptics drugs, Hypnotics and sedatives drugs",251700,"0,04","0,2",241632,40272,"4,1"
TRX3338463,10/05/2022,66593,Bandung,Jawa Barat,"4,8",Alison Jordan,KF116,"Psycholeptics drugs, Hypnotics and sedatives drugs",251700,"0,04","0,2",241632,40272,"4,6"
TRX1178835,10/10/2023,87281,Semarang,Jawa Tengah,"4,4",Melissa Cabrera,KF116,"Psycholeptics drugs, Hypnotics and sedatives drugs",251700,"0,04","0,2",241632,40272,"3,1"
TRX2689906,12/08/2023,88319,Sibolga,Sumatera Utara,"4,8",Jennifer Byrd,KF116,"Psycholeptics drugs, Hypnotics and sedatives drugs",251700,"0,04","0,2",241632,40272,"4,7"
TRX6327056,12/11/2020,82894,Tomohon,Sulawesi Utara,"4,5",Jacob Adams,KF116,"Psycholeptics drugs, Hypnotics and sedatives drugs",251700,"0,04","0,2",241632,40272,"3,5"
TRX6526951,13/09/2021,93630,Kendari,Sulawesi Tenggara,"4,2",Joshua Rowland,KF116,"Psycholeptics drugs, Hypnotics and sedatives drugs",251700,"0,04","0,2",241632,40272,4
TRX1009788,01/03/2020,37402,Bekasi,Jawa Barat,"3,9",Krystal Nelson,KF116,"Psycholeptics drugs, Hypnotics and sedatives drugs",251700,"0,04","0,2",241632,40272,"3,9"
TRX5958459,04/09/2020,41701,Pekanbaru,Riau,"4,4",Heather Carpenter,KF116,"Psycholeptics drugs, Hypnotics and sedatives drugs",251700,"0,04","0,2",241632,40272,"4,9"
TRX1093073,25/10/2023,40960,Tebing Tinggi,Sumatera Utara,"4,5",Lee Woods,KF116,"Psycholeptics drugs, Hypnotics and sedatives drugs",251700,"0,04","0,2",241632,40272,"3,1"
TRX8041133,17/07/2023,45422,Ternate,Maluku Utara,"3,9",Jessica Roberson,KF116,"Psycholeptics drugs, Hypnotics and sedatives drugs",251700,"0,04","0,2",241632,40272,"3,4"
TRX8227046,12/03/2023,16417,Purwakarta,Jawa Barat,"4,3",Anthony Roberson,KF116,"Psycholeptics drugs, Hypnotics and sedatives drugs",251700,"0,04","0,2",241632,40272,"4,3"
TRX7541154,01/04/2020,98312,Ciamis,Jawa Barat,"4,1",Jonathan Hunt,KF116,"Psycholeptics drugs, Hypnotics and sedatives drugs",251700,"0,04","0,2",241632,40272,"4,3"
TRX7924957,02/04/2021,66139,Semarang,Jawa Tengah,"4,7",Willie Escobar,KF116,"Psycholeptics drugs, Hypnotics and sedatives drugs",251700,"0,04","0,2",241632,40272,"4,8"
TRX7726679,01/05/2020,51376,Semarang,Jawa Tengah,"4,3",Christine Miranda,KF116,"Psycholeptics drugs, Hypnotics and sedatives drugs",251700,"0,04","0,2",241632,40272,"3,7"
TRX8125874,10/03/2022,74857,Malang,Jawa Timur,"3,9",William Sherman,KF116,"Psycholeptics drugs, Hypnotics and sedatives drugs",251700,"0,04","0,2",241632,40272,"3,7"
TRX8554070,24/06/2021,84834,Ternate,Maluku Utara,"4,2",Michelle Rojas,KF116,"Psycholeptics drugs, Hypnotics and sedatives drugs",251700,"0,04","0,2",241632,40272,"4,4"
TRX3038767,14/08/2022,82758,Yogyakarta,DI Yogyakarta,"4,7",Brittany Garner,KF116,"Psycholeptics drugs, Hypnotics and sedatives drugs",251700,"0,04","0,2",241632,40272,"3,1"
TRX6840563,02/03/2020,27441,Lhokseumawe,Aceh,5,Robert Jones,KF116,"Psycholeptics drugs, Hypnotics and sedatives drugs",251700,"0,04","0,2",241632,40272,"3,1"
TRX5238257,15/07/2023,95261,Palangkaraya,Kalimantan Tengah,"4,1",Christopher Robinson,KF116,"Psycholeptics drugs, Hypnotics and sedatives drugs",251700,"0,04","0,2",241632,40272,"3,6"
TRX6058138,26/01/2020,23477,Ciamis,Jawa Barat,"4,3",Joe Graham,KF116,"Psycholeptics drugs, Hypnotics and sedatives drugs",251700,"0,04","0,2",241632,40272,"4,2"
TRX4638583,26/05/2022,23721,Pariaman,Sumatera Barat,"4,8",David Osborn,KF116,"Psycholeptics drugs, Hypnotics and sedatives drugs",251700,"0,04","0,2",241632,40272,"4,2"
TRX7031695,21/02/2022,12027,Pangkalpinang,Bangka Belitung,"4,8",Miguel Cruz,KF116,"Psycholeptics drugs, Hypnotics and sedatives drugs",251700,"0,04","0,2",241632,40272,"3,5"
TRX1920264,26/04/2021,13262,Sukabumi,Jawa Barat,"4,7",Andrea Davis,KF116,"Psycholeptics drugs, Hypnotics and sedatives drugs",251700,"0,04","0,2",241632,40272,5
TRX7877110,23/05/2020,61197,Samarinda,Kalimantan Timur,"4,5",Antonio Pugh,KF116,"Psycholeptics drugs, Hypnotics and sedatives drugs",251700,"0,04","0,2",241632,40272,"4,1"
TRX9310223,30/11/2022,22526,Jambi,Jambi,"4,3",Katherine Sullivan,KF116,"Psycholeptics drugs, Hypnotics and sedatives drugs",251700,"0,04","0,2",241632,40272,"4,6"
TRX3643076,10/02/2021,80341,Karawang,Jawa Barat,"4,7",Carlos Hood,KF116,"Psycholeptics drugs, Hypnotics and sedatives drugs",251700,"0,04","0,2",241632,40272,"3,2"
TRX4456461,29/05/2023,22859,Tasikmalaya,Jawa Barat,"4,4",Faith Kelly,KF116,"Psycholeptics drugs, Hypnotics and sedatives drugs",251700,"0,04","0,2",241632,40272,"3,2"
TRX7541811,07/03/2022,87965,Pangkalpinang,Bangka Belitung,5,Heidi Anderson,KF116,"Psycholeptics drugs, Hypnotics and sedatives drugs",251700,"0,04","0,2",241632,40272,"3,6"
TRX6191459,22/06/2022,44691,Jambi,Jambi,5,Kevin Li,KF116,"Psycholeptics drugs, Hypnotics and sedatives drugs",251700,"0,04","0,2",241632,40272,"3,5"
TRX6010831,07/07/2023,56257,Subang,Jawa Barat,"3,9",Chad Potter,KF116,"Psycholeptics drugs, Hypnotics and sedatives drugs",251700,"0,04","0,2",241632,40272,"4,6"
TRX1227195,25/05/2021,89957,Padang,Sumatera Barat,"4,7",David Branch,KF116,"Psycholeptics drugs, Hypnotics and sedatives drugs",251700,"0,04","0,2",241632,40272,"3,2"
TRX7986284,16/06/2023,14799,Ambon,Maluku,"4,6",Michael Smith,KF116,"Psycholeptics drugs, Hypnotics and sedatives drugs",251700,"0,04","0,2",241632,40272,"3,1"
TRX7724312,01/03/2021,84188,Makassar,Sulawesi Selatan,4,Thomas Nixon,KF116,"Psycholeptics drugs, Hypnotics and sedatives drugs",251700,"0,04","0,2",241632,40272,"4,5"
TRX7666300,13/10/2020,93665,Tomohon,Sulawesi Utara,5,Michael Davis,KF116,"Psycholeptics drugs, Hypnotics and sedatives drugs",251700,"0,04","0,2",241632,40272,"4,5"
TRX2015608,31/03/2020,17232,Cilacap,Jawa Tengah,"4,4",James Moran,KF116,"Psycholeptics drugs, Hypnotics and sedatives drugs",251700,"0,04","0,2",241632,40272,"3,9"
TRX2810744,18/03/2021,42814,Gorontalo,Gorontalo,"4,5",Daniel Mclaughlin,KF116,"Psycholeptics drugs, Hypnotics and sedatives drugs",251700,"0,04","0,2",241632,40272,"4,3"
TRX6164864,02/06/2020,47175,Bekasi,Jawa Barat,"4,9",Erik Herman,KF116,"Psycholeptics drugs, Hypnotics and sedatives drugs",251700,"0,04","0,2",241632,40272,"3,3"
TRX3512017,15/03/2023,32276,Purwakarta,Jawa Barat,5,Dr. Reginald Bell DVM,KF116,"Psycholeptics drugs, Hypnotics and sedatives drugs",251700,"0,04","0,2",241632,40272,"3,2"
TRX9707876,13/10/2023,66935,Madiun,Jawa Timur,"4,3",Sarah Russell,KF116,"Psycholeptics drugs, Hypnotics and sedatives drugs",251700,"0,07","0,2",234081,32721,3
TRX7592865,02/06/2021,65529,Ciamis,Jawa Barat,"4,8",Sharon Edwards,KF116,"Psycholeptics drugs, Hypnotics and sedatives drugs",251700,"0,07","0,2",234081,32721,"4,5"
TRX3989458,10/11/2021,55926,Probolinggo,Jawa Timur,"4,2",Russell Allen,KF116,"Psycholeptics drugs, Hypnotics and sedatives drugs",251700,"0,07","0,2",234081,32721,"4,6"
TRX2330451,13/08/2022,85801,Langsa,Aceh,"4,8",Rebecca Ponce,KF116,"Psycholeptics drugs, Hypnotics and sedatives drugs",251700,"0,07","0,2",234081,32721,"4,9"
TRX7225574,20/05/2023,47725,Pematangsiantar,Sumatera Utara,"4,3",Haley Garcia,KF116,"Psycholeptics drugs, Hypnotics and sedatives drugs",251700,"0,07","0,2",234081,32721,"4,2"
TRX4268002,05/01/2021,53644,Bima,Nusa Tenggara Barat,"4,8",Amber Gill,KF116,"Psycholeptics drugs, Hypnotics and sedatives drugs",251700,"0,07","0,2",234081,32721,"4,5"
TRX9443976,15/05/2022,58354,Bitung,Sulawesi Utara,"4,2",Lisa Anthony,KF116,"Psycholeptics drugs, Hypnotics and sedatives drugs",251700,"0,07","0,2",234081,32721,"4,6"
TRX8443272,21/03/2020,82636,Palu,Sulawesi Tengah,"4,7",Christopher Mendez,KF116,"Psycholeptics drugs, Hypnotics and sedatives drugs",251700,"0,07","0,2",234081,32721,"3,7"
TRX9419313,25/11/2022,44302,Deli Serdang,Sumatera Utara,"3,9",Charlotte Dixon,KF116,"Psycholeptics drugs, Hypnotics and sedatives drugs",251700,"0,07","0,2",234081,32721,"3,6"
TRX2893922,04/02/2023,44522,Langsa,Aceh,"4,6",Beth Duarte,KF116,"Psycholeptics drugs, Hypnotics and sedatives drugs",251700,"0,07","0,2",234081,32721,"3,5"
TRX5661000,19/03/2021,34888,Banda Aceh,Aceh,4,Jessica Cooley,KF116,"Psycholeptics drugs, Hypnotics and sedatives drugs",251700,"0,07","0,2",234081,32721,"4,3"
TRX7898865,14/06/2021,63524,Langsa,Aceh,"4,6",Andrew Scott,KF116,"Psycholeptics drugs, Hypnotics and sedatives drugs",251700,"0,07","0,2",234081,32721,"3,8"
TRX2149342,16/12/2023,44502,Manado,Sulawesi Utara,"4,1",Mark Lowe,KF116,"Psycholeptics drugs, Hypnotics and sedatives drugs",251700,"0,07","0,2",234081,32721,"3,1"
TRX7241522,27/08/2021,17192,Semarang,Jawa Tengah,"4,7",Brittany Anderson,KF116,"Psycholeptics drugs, Hypnotics and sedatives drugs",251700,"0,07","0,2",234081,32721,"3,1"
TRX8523471,07/07/2021,87785,Karawang,Jawa Barat,"4,5",Megan Kent,KF116,"Psycholeptics drugs, Hypnotics and sedatives drugs",251700,"0,07","0,2",234081,32721,"4,7"
TRX5477328,28/09/2020,70860,Lubuklinggau,Sumatera Selatan,"3,9",Darius Jones,KF116,"Psycholeptics drugs, Hypnotics and sedatives drugs",251700,"0,07","0,2",234081,32721,"4,7"
TRX7547693,30/10/2022,64844,Tasikmalaya,Jawa Barat,"4,1",Heather Cole,KF116,"Psycholeptics drugs, Hypnotics and sedatives drugs",251700,"0,07","0,2",234081,32721,"3,9"
TRX2037034,14/07/2020,55235,Bekasi,Jawa Barat,"4,5",Walter Castro,KF116,"Psycholeptics drugs, Hypnotics and sedatives drugs",251700,"0,07","0,2",234081,32721,"3,3"
TRX6282900,13/07/2022,28315,Sukabumi,Jawa Barat,"3,9",Jerry Warner,KF116,"Psycholeptics drugs, Hypnotics and sedatives drugs",251700,"0,07","0,2",234081,32721,"4,1"
TRX3177575,22/04/2021,18921,Tanjungpinang,Kepulauan Riau,"4,2",Jacqueline Trujillo,KF116,"Psycholeptics drugs, Hypnotics and sedatives drugs",251700,"0,07","0,2",234081,32721,"3,2"
TRX9903190,25/05/2020,58848,Sibolga,Sumatera Utara,"4,7",Julie Boyer,KF116,"Psycholeptics drugs, Hypnotics and sedatives drugs",251700,"0,07","0,2",234081,32721,"3,6"
TRX4423724,23/08/2023,92130,Indramayu,Jawa Barat,"4,9",Angela Huber,KF116,"Psycholeptics drugs, Hypnotics and sedatives drugs",251700,"0,07","0,2",234081,32721,"3,6"
TRX5580208,19/11/2023,69273,Magelang,Jawa Tengah,"4,8",Ian Glenn,KF116,"Psycholeptics drugs, Hypnotics and sedatives drugs",251700,"0,07","0,2",234081,32721,5
TRX6962809,20/06/2021,49725,Bogor,Jawa Barat,"4,8",Charlene Jones,KF116,"Psycholeptics drugs, Hypnotics and sedatives drugs",251700,"0,07","0,2",234081,32721,"3,4"
TRX1843305,30/11/2022,23569,Kuningan,Jawa Barat,"4,1",Kayla Nguyen,KF116,"Psycholeptics drugs, Hypnotics and sedatives drugs",251700,"0,07","0,2",234081,32721,"3,9"
TRX2642911,05/09/2021,29371,Kendari,Sulawesi Tenggara,"4,8",Amber Mitchell,KF116,"Psycholeptics drugs, Hypnotics and sedatives drugs",251700,"0,07","0,2",234081,32721,"4,8"
TRX6176796,06/09/2020,95822,Denpasar,Bali,"4,6",Logan Thomas,KF116,"Psycholeptics drugs, Hypnotics and sedatives drugs",251700,"0,07","0,2",234081,32721,"3,2"
TRX6937594,10/07/2023,28844,Indramayu,Jawa Barat,"4,1",Dennis Shelton,KF116,"Psycholeptics drugs, Hypnotics and sedatives drugs",251700,"0,07","0,2",234081,32721,"3,7"
TRX2807270,11/07/2023,93093,Indramayu,Jawa Barat,5,Gary Thomas,KF116,"Psycholeptics drugs, Hypnotics and sedatives drugs",251700,"0,07","0,2",234081,32721,"4,9"
TRX3582155,21/02/2021,29124,Madiun,Jawa Timur,"4,1",Brian Hamilton,KF116,"Psycholeptics drugs, Hypnotics and sedatives drugs",251700,"0,07","0,2",234081,32721,"4,7"
TRX5879795,02/02/2021,60078,Denpasar,Bali,"4,4",Marc Gardner,KF116,"Psycholeptics drugs, Hypnotics and sedatives drugs",251700,"0,07","0,2",234081,32721,"3,3"
TRX1765017,06/10/2023,45107,Bogor,Jawa Barat,"4,8",Nicholas Moore,KF116,"Psycholeptics drugs, Hypnotics and sedatives drugs",251700,"0,07","0,2",234081,32721,"3,3"
TRX4339705,03/07/2022,13953,Ternate,Maluku Utara,"4,8",Nancy Floyd,KF116,"Psycholeptics drugs, Hypnotics and sedatives drugs",251700,"0,07","0,2",234081,32721,"4,1"
TRX8951312,21/09/2020,68586,Tebing Tinggi,Sumatera Utara,"4,2",David Wells,KF116,"Psycholeptics drugs, Hypnotics and sedatives drugs",251700,"0,07","0,2",234081,32721,"3,2"
TRX9562553,04/04/2023,57142,Purwakarta,Jawa Barat,"4,8",Jacob Davis,KF116,"Psycholeptics drugs, Hypnotics and sedatives drugs",251700,"0,07","0,2",234081,32721,"3,2"
TRX5672738,13/10/2023,85716,Malang,Jawa Timur,5,Dawn Brewer,KF116,"Psycholeptics drugs, Hypnotics and sedatives drugs",251700,"0,07","0,2",234081,32721,3
TRX7622236,06/01/2023,54372,Padang,Sumatera Barat,"4,2",Loretta Taylor,KF116,"Psycholeptics drugs, Hypnotics and sedatives drugs",251700,"0,07","0,2",234081,32721,"4,3"
TRX7900622,28/11/2023,82583,Tasikmalaya,Jawa Barat,"4,7",Michael Shepard,KF116,"Psycholeptics drugs, Hypnotics and sedatives drugs",251700,"0,07","0,2",234081,32721,"4,1"
TRX5810079,17/04/2021,14773,Bekasi,Jawa Barat,"4,7",Jo Cooper,KF116,"Psycholeptics drugs, Hypnotics and sedatives drugs",251700,"0,07","0,2",234081,32721,"3,7"
TRX7194563,19/05/2023,48970,Pekanbaru,Riau,"4,3",Lisa Benson,KF116,"Psycholeptics drugs, Hypnotics and sedatives drugs",251700,"0,07","0,2",234081,32721,"4,4"
TRX1606699,27/03/2021,21499,Pariaman,Sumatera Barat,"4,3",Debra Johnston,KF116,"Psycholeptics drugs, Hypnotics and sedatives drugs",251700,"0,07","0,2",234081,32721,"4,2"
TRX6378342,25/01/2023,30333,Bekasi,Jawa Barat,"4,6",Brandon Evans,KF116,"Psycholeptics drugs, Hypnotics and sedatives drugs",251700,"0,07","0,2",234081,32721,"3,4"
TRX7991850,24/03/2022,20356,Batam,Kepulauan Riau,"4,6",Taylor Shannon,KF116,"Psycholeptics drugs, Hypnotics and sedatives drugs",251700,"0,07","0,2",234081,32721,"4,8"
TRX4711245,15/11/2020,69575,Garut,Jawa Barat,"4,2",Brian Keller,KF116,"Psycholeptics drugs, Hypnotics and sedatives drugs",251700,"0,07","0,2",234081,32721,"3,3"
TRX5856386,24/08/2020,24963,Purwakarta,Jawa Barat,"4,2",Summer Clark,KF116,"Psycholeptics drugs, Hypnotics and sedatives drugs",251700,"0,07","0,2",234081,32721,"3,1"
TRX8065844,18/11/2021,48667,Cikampek,Jawa Barat,"4,2",Lisa Cook MD,KF116,"Psycholeptics drugs, Hypnotics and sedatives drugs",251700,"0,07","0,2",234081,32721,"3,6"
TRX2837233,12/02/2023,21858,Pariaman,Sumatera Barat,"4,4",Benjamin Swanson,KF116,"Psycholeptics drugs, Hypnotics and sedatives drugs",251700,"0,07","0,2",234081,32721,"3,7"
TRX2014170,07/09/2020,44691,Jambi,Jambi,5,Julie Steele,KF116,"Psycholeptics drugs, Hypnotics and sedatives drugs",251700,"0,07","0,2",234081,32721,"3,6"
TRX8421364,29/08/2021,96462,Semarang,Jawa Tengah,"4,1",Leon Brown,KF116,"Psycholeptics drugs, Hypnotics and sedatives drugs",251700,"0,07","0,2",234081,32721,"3,6"
TRX2933528,11/02/2020,85981,Cirebon,Jawa Barat,"4,3",Nathan Johnson,KF116,"Psycholeptics drugs, Hypnotics and sedatives drugs",251700,"0,07","0,2",234081,32721,"3,4"
TRX3823398,04/01/2023,87700,Cikampek,Jawa Barat,"4,7",Taylor Hobbs,KF116,"Psycholeptics drugs, Hypnotics and sedatives drugs",251700,"0,07","0,2",234081,32721,"4,8"
TRX4436550,10/08/2021,85807,Palembang,Sumatera Selatan,"4,9",William Guzman,KF116,"Psycholeptics drugs, Hypnotics and sedatives drugs",251700,"0,07","0,2",234081,32721,"4,8"
TRX5321899,14/05/2023,49734,Madiun,Jawa Timur,4,Manuel Valdez,KF116,"Psycholeptics drugs, Hypnotics and sedatives drugs",251700,"0,07","0,2",234081,32721,"3,3"
TRX2531982,16/10/2020,66113,Bekasi,Jawa Barat,4,Casey Little,KF116,"Psycholeptics drugs, Hypnotics and sedatives drugs",251700,"0,07","0,2",234081,32721,"4,6"
TRX5900950,13/04/2023,90897,Banjarmasin,Kalimantan Selatan,4,Alexander Alvarado,KF116,"Psycholeptics drugs, Hypnotics and sedatives drugs",251700,"0,07","0,2",234081,32721,"4,7"
TRX5138858,11/10/2023,25947,Denpasar,Bali,"4,2",Michael Glover,KF116,"Psycholeptics drugs, Hypnotics and sedatives drugs",251700,"0,07","0,2",234081,32721,5
TRX3107416,25/05/2023,99589,Yogyakarta,DI Yogyakarta,4,Cynthia Hernandez,KF116,"Psycholeptics drugs, Hypnotics and sedatives drugs",251700,"0,07","0,2",234081,32721,"3,4"
TRX1880797,01/08/2022,85716,Malang,Jawa Timur,5,Austin Cline,KF116,"Psycholeptics drugs, Hypnotics and sedatives drugs",251700,"0,07","0,2",234081,32721,"4,4"
TRX4009317,16/11/2020,23602,Semarang,Jawa Tengah,"4,6",Patricia Guerrero,KF116,"Psycholeptics drugs, Hypnotics and sedatives drugs",251700,"0,07","0,2",234081,32721,"3,6"
TRX2208079,13/04/2021,21949,Tomohon,Sulawesi Utara,"4,6",Russell Murphy,KF116,"Psycholeptics drugs, Hypnotics and sedatives drugs",251700,"0,07","0,2",234081,32721,4
TRX7890839,12/04/2022,99697,Subang,Jawa Barat,"4,8",Joy Zhang,KF116,"Psycholeptics drugs, Hypnotics and sedatives drugs",251700,"0,07","0,2",234081,32721,5
TRX3473732,05/11/2023,62246,Bima,Nusa Tenggara Barat,"4,5",Dennis Shea,KF116,"Psycholeptics drugs, Hypnotics and sedatives drugs",251700,"0,07","0,2",234081,32721,"4,3"
TRX7062616,25/10/2023,12715,Samarinda,Kalimantan Timur,5,Lisa Butler,KF116,"Psycholeptics drugs, Hypnotics and sedatives drugs",251700,"0,07","0,2",234081,32721,"3,8"
TRX7354134,15/06/2021,57104,Semarang,Jawa Tengah,"3,9",Garrett Riley,KF116,"Psycholeptics drugs, Hypnotics and sedatives drugs",251700,"0,07","0,2",234081,32721,"3,6"
TRX8899141,08/12/2022,57104,Semarang,Jawa Tengah,"3,9",Thomas Terry,KF116,"Psycholeptics drugs, Hypnotics and sedatives drugs",251700,"0,07","0,2",234081,32721,"4,3"
TRX1045749,29/03/2021,69575,Garut,Jawa Barat,"4,2",Christine Moore,KF116,"Psycholeptics drugs, Hypnotics and sedatives drugs",251700,"0,07","0,2",234081,32721,"3,8"
TRX2653487,13/08/2021,30917,Pariaman,Sumatera Barat,"4,5",Alyssa Macias,KF116,"Psycholeptics drugs, Hypnotics and sedatives drugs",251700,"0,07","0,2",234081,32721,"3,1"
TRX9721951,17/10/2022,12536,Dumai,Riau,"4,4",Kelly Brown,KF116,"Psycholeptics drugs, Hypnotics and sedatives drugs",251700,"0,07","0,2",234081,32721,"4,2"
TRX7801928,28/07/2021,43248,Probolinggo,Jawa Timur,"4,8",Angela Martinez,KF116,"Psycholeptics drugs, Hypnotics and sedatives drugs",251700,"0,07","0,2",234081,32721,"3,9"
TRX6428194,30/12/2023,54304,Subang,Jawa Barat,"4,1",Heather Carroll,KF116,"Psycholeptics drugs, Hypnotics and sedatives drugs",251700,"0,07","0,2",234081,32721,"3,2"
TRX7952892,12/07/2022,76512,Bogor,Jawa Barat,"4,7",Dr. Jennifer Scott DVM,KF116,"Psycholeptics drugs, Hypnotics and sedatives drugs",251700,"0,07","0,2",234081,32721,"4,4"
TRX1592672,14/12/2020,48072,Denpasar,Bali,"4,6",Laura Davis,KF116,"Psycholeptics drugs, Hypnotics and sedatives drugs",251700,"0,07","0,2",234081,32721,"4,5"
TRX7367178,13/11/2020,16311,Purwakarta,Jawa Barat,"4,6",Victoria Brown,KF116,"Psycholeptics drugs, Hypnotics and sedatives drugs",251700,"0,07","0,2",234081,32721,"4,8"
TRX5612089,29/08/2020,34260,Tangerang,Banten,"4,1",Kimberly Perez,KF116,"Psycholeptics drugs, Hypnotics and sedatives drugs",251700,"0,07","0,2",234081,32721,"3,3"
TRX2918001,30/08/2023,49050,Probolinggo,Jawa Timur,"4,4",Christopher Miller,KF116,"Psycholeptics drugs, Hypnotics and sedatives drugs",251700,"0,07","0,2",234081,32721,"3,3"
TRX8376737,03/01/2021,79763,Sukabumi,Jawa Barat,"4,7",Brenda Holmes,KF116,"Psycholeptics drugs, Hypnotics and sedatives drugs",251700,"0,07","0,2",234081,32721,"3,2"
TRX8739607,15/03/2021,61344,Padang,Sumatera Barat,"4,7",Robert Malone,KF116,"Psycholeptics drugs, Hypnotics and sedatives drugs",251700,"0,07","0,2",234081,32721,"3,6"
TRX2715354,14/09/2020,73596,Subang,Jawa Barat,"4,8",Laura Kirby,KF116,"Psycholeptics drugs, Hypnotics and sedatives drugs",251700,"0,07","0,2",234081,32721,"3,6"
TRX1132429,18/05/2020,11424,Medan,Sumatera Utara,"4,8",Omar Gonzalez,KF116,"Psycholeptics drugs, Hypnotics and sedatives drugs",251700,"0,07","0,2",234081,32721,4
TRX6287298,21/10/2020,95955,Palu,Sulawesi Tengah,"4,5",Michael Lee,KF116,"Psycholeptics drugs, Hypnotics and sedatives drugs",251700,"0,07","0,2",234081,32721,"3,9"
TRX1017165,09/01/2021,49604,Padang,Sumatera Barat,"4,2",Juan Gonzalez,KF116,"Psycholeptics drugs, Hypnotics and sedatives drugs",251700,"0,07","0,2",234081,32721,"4,3"
TRX9113943,25/10/2023,57321,Batam,Kepulauan Riau,"4,8",Ronald Watts,KF116,"Psycholeptics drugs, Hypnotics and sedatives drugs",251700,"0,07","0,2",234081,32721,"3,2"
TRX9407695,17/08/2021,47641,Cilacap,Jawa Tengah,"4,9",Nathan Brock,KF116,"Psycholeptics drugs, Hypnotics and sedatives drugs",251700,"0,07","0,2",234081,32721,"4,9"
TRX5909083,28/01/2023,53586,Sukabumi,Jawa Barat,"4,6",Malik Woods,KF116,"Psycholeptics drugs, Hypnotics and sedatives drugs",251700,"0,07","0,2",234081,32721,"3,5"
TRX9748244,02/01/2022,16013,Pekanbaru,Riau,"4,2",Andrew Bender,KF116,"Psycholeptics drugs, Hypnotics and sedatives drugs",251700,"0,07","0,2",234081,32721,"3,4"
TRX7231391,05/01/2022,58354,Bitung,Sulawesi Utara,"4,2",Gregory Martin,KF116,"Psycholeptics drugs, Hypnotics and sedatives drugs",251700,"0,07","0,2",234081,32721,"3,9"
TRX1602457,17/11/2020,52842,Garut,Jawa Barat,"4,5",Laurie Koch,KF116,"Psycholeptics drugs, Hypnotics and sedatives drugs",251700,"0,07","0,2",234081,32721,"4,3"
TRX2877137,23/01/2023,22859,Tasikmalaya,Jawa Barat,"4,4",Amber Rodriguez,KF116,"Psycholeptics drugs, Hypnotics and sedatives drugs",251700,"0,07","0,2",234081,32721,"4,1"
TRX8355855,28/07/2020,68343,Bandung,Jawa Barat,"4,3",Rodney Brennan,KF116,"Psycholeptics drugs, Hypnotics and sedatives drugs",251700,"0,07","0,2",234081,32721,"4,6"
TRX3852574,28/08/2023,50288,Ternate,Maluku Utara,"4,4",Kaitlin Gonzalez,KF116,"Psycholeptics drugs, Hypnotics and sedatives drugs",251700,"0,07","0,2",234081,32721,"4,4"
TRX7513084,19/11/2023,30205,Padang,Sumatera Barat,"4,7",Theresa Rowe,KF116,"Psycholeptics drugs, Hypnotics and sedatives drugs",251700,"0,07","0,2",234081,32721,"4,9"
TRX8135616,24/03/2021,48667,Cikampek,Jawa Barat,"4,2",Joshua Sosa,KF116,"Psycholeptics drugs, Hypnotics and sedatives drugs",251700,"0,07","0,2",234081,32721,"3,6"
TRX6442127,29/11/2022,30203,Pematangsiantar,Sumatera Utara,"4,8",Vincent Keller,KF116,"Psycholeptics drugs, Hypnotics and sedatives drugs",251700,"0,07","0,2",234081,32721,"3,6"
TRX7522013,22/07/2021,24305,Kuningan,Jawa Barat,4,Steven Davis,KF116,"Psycholeptics drugs, Hypnotics and sedatives drugs",251700,"0,07","0,2",234081,32721,"4,2"
TRX4426116,27/10/2022,71869,Cirebon,Jawa Barat,"4,1",Sarah Anderson,KF116,"Psycholeptics drugs, Hypnotics and sedatives drugs",251700,"0,07","0,2",234081,32721,"4,7"
TRX8339620,07/02/2023,82636,Palu,Sulawesi Tengah,"4,7",Joshua Nguyen,KF116,"Psycholeptics drugs, Hypnotics and sedatives drugs",251700,"0,07","0,2",234081,32721,5
TRX4828359,16/09/2022,18983,Solok,Sumatera Barat,"4,8",Luke Jordan Jr.,KF116,"Psycholeptics drugs, Hypnotics and sedatives drugs",251700,"0,07","0,2",234081,32721,"3,1"
TRX4766728,10/10/2023,13755,Pariaman,Sumatera Barat,"4,7",Eric Harrison,KF116,"Psycholeptics drugs, Hypnotics and sedatives drugs",251700,"0,07","0,2",234081,32721,"4,5"
TRX8269363,01/01/2020,61031,Langsa,Aceh,5,Jenna Best,KF116,"Psycholeptics drugs, Hypnotics and sedatives drugs",251700,"0,07","0,2",234081,32721,"4,5"
TRX4818164,02/08/2022,40544,Kendari,Sulawesi Tenggara,"4,8",Angelica Luna,KF116,"Psycholeptics drugs, Hypnotics and sedatives drugs",251700,"0,07","0,2",234081,32721,"3,3"
TRX2489051,04/01/2021,23508,Bandung,Jawa Barat,"4,8",Johnny Lopez,KF116,"Psycholeptics drugs, Hypnotics and sedatives drugs",251700,"0,07","0,2",234081,32721,"3,8"
TRX6849777,16/12/2023,16527,Balikpapan,Kalimantan Timur,"4,5",Chelsea Sanchez,KF116,"Psycholeptics drugs, Hypnotics and sedatives drugs",251700,"0,07","0,2",234081,32721,"4,1"
TRX6972873,03/02/2020,35044,Ciamis,Jawa Barat,"4,3",Allison Warren,KF116,"Psycholeptics drugs, Hypnotics and sedatives drugs",251700,"0,07","0,2",234081,32721,"4,7"
TRX9313671,25/12/2022,35432,Bontang,Kalimantan Timur,4,Michael Smith Jr.,KF116,"Psycholeptics drugs, Hypnotics and sedatives drugs",251700,"0,07","0,2",234081,32721,"3,5"
TRX4983298,01/08/2020,54476,Subang,Jawa Barat,5,Ryan Reyes,KF116,"Psycholeptics drugs, Hypnotics and sedatives drugs",251700,"0,07","0,2",234081,32721,"3,4"
TRX3469399,30/03/2020,94113,Lubuklinggau,Sumatera Selatan,"4,5",Mark Bailey,KF116,"Psycholeptics drugs, Hypnotics and sedatives drugs",251700,"0,07","0,2",234081,32721,"3,9"
TRX5590090,29/04/2020,80412,Bekasi,Jawa Barat,"4,8",Cody Maxwell,KF116,"Psycholeptics drugs, Hypnotics and sedatives drugs",251700,"0,07","0,2",234081,32721,"3,2"
TRX7955625,01/02/2021,96304,Banjarmasin,Kalimantan Selatan,"4,8",Samantha Mendez,KF116,"Psycholeptics drugs, Hypnotics and sedatives drugs",251700,"0,07","0,2",234081,32721,"4,4"
TRX4361590,08/02/2021,68228,Jayapura,Papua,"4,7",Michael Hendricks,KF116,"Psycholeptics drugs, Hypnotics and sedatives drugs",251700,"0,07","0,2",234081,32721,"4,9"
TRX5377935,17/04/2020,25318,Banjarmasin,Kalimantan Selatan,"4,8",Kim Obrien,KF116,"Psycholeptics drugs, Hypnotics and sedatives drugs",251700,"0,07","0,2",234081,32721,"4,9"
TRX2325480,23/12/2023,40255,Subang,Jawa Barat,4,Michael Hardin,KF116,"Psycholeptics drugs, Hypnotics and sedatives drugs",251700,"0,07","0,2",234081,32721,"3,1"
TRX5511322,31/07/2021,90512,Samarinda,Kalimantan Timur,4,Amanda Oconnor,KF116,"Psycholeptics drugs, Hypnotics and sedatives drugs",251700,"0,07","0,2",234081,32721,"4,7"
TRX7607050,17/11/2023,57196,Pematangsiantar,Sumatera Utara,"4,8",Daniel Melton,KF116,"Psycholeptics drugs, Hypnotics and sedatives drugs",251700,"0,07","0,2",234081,32721,5
TRX8433235,29/08/2023,87702,Kupang,Nusa Tenggara Timur,"4,2",Mark Franklin,KF116,"Psycholeptics drugs, Hypnotics and sedatives drugs",251700,"0,07","0,2",234081,32721,"3,7"
TRX2035080,08/08/2022,42322,Pontianak,Kalimantan Barat,"4,6",Stephanie Moss,KF116,"Psycholeptics drugs, Hypnotics and sedatives drugs",251700,"0,07","0,2",234081,32721,"3,1"
TRX6972632,09/05/2022,86474,Tebing Tinggi,Sumatera Utara,"4,3",Arthur Irwin,KF116,"Psycholeptics drugs, Hypnotics and sedatives drugs",251700,"0,07","0,2",234081,32721,"4,7"
TRX8787192,22/11/2022,16040,Ciamis,Jawa Barat,"4,2",Michelle Harris,KF116,"Psycholeptics drugs, Hypnotics and sedatives drugs",251700,"0,07","0,2",234081,32721,"3,5"
TRX6324992,25/03/2022,35857,Payakumbuh,Sumatera Barat,"4,9",David Richards,KF116,"Psycholeptics drugs, Hypnotics and sedatives drugs",251700,"0,07","0,2",234081,32721,"3,5"
TRX8117657,16/10/2021,48970,Pekanbaru,Riau,"4,3",Molly Coleman,KF116,"Psycholeptics drugs, Hypnotics and sedatives drugs",251700,"0,07","0,2",234081,32721,"4,1"
TRX1366286,30/07/2021,34719,Pangkalpinang,Bangka Belitung,"4,9",Julia Nunez,KF116,"Psycholeptics drugs, Hypnotics and sedatives drugs",251700,"0,07","0,2",234081,32721,"4,6"
TRX8269046,12/08/2023,61921,Tomohon,Sulawesi Utara,"4,7",Andrew Clark,KF116,"Psycholeptics drugs, Hypnotics and sedatives drugs",251700,"0,07","0,2",234081,32721,"4,4"
TRX3437194,08/07/2023,67593,Manado,Sulawesi Utara,"4,1",Clayton Larson,KF116,"Psycholeptics drugs, Hypnotics and sedatives drugs",251700,"0,07","0,2",234081,32721,"4,9"
TRX3462587,02/02/2022,34888,Banda Aceh,Aceh,4,Terri Stephenson,KF116,"Psycholeptics drugs, Hypnotics and sedatives drugs",251700,"0,07","0,2",234081,32721,3
TRX8836436,06/06/2021,86503,Semarang,Jawa Tengah,"4,6",Diane Black,KF116,"Psycholeptics drugs, Hypnotics and sedatives drugs",251700,"0,07","0,2",234081,32721,4
TRX7851166,03/05/2022,92148,Bogor,Jawa Barat,"4,5",Valerie Mills,KF116,"Psycholeptics drugs, Hypnotics and sedatives drugs",251700,"0,07","0,2",234081,32721,"4,3"
TRX4407656,06/08/2021,53421,Ciamis,Jawa Barat,"4,3",Joseph Baker,KF116,"Psycholeptics drugs, Hypnotics and sedatives drugs",251700,"0,07","0,2",234081,32721,"3,3"
TRX5305974,28/10/2021,55000,Makassar,Sulawesi Selatan,4,Daniel Graham,KF116,"Psycholeptics drugs, Hypnotics and sedatives drugs",251700,"0,07","0,2",234081,32721,"3,8"
TRX4224585,08/05/2020,40682,Gorontalo,Gorontalo,"4,9",George Fuller,KF116,"Psycholeptics drugs, Hypnotics and sedatives drugs",251700,"0,07","0,2",234081,32721,"3,2"
TRX2146219,04/07/2020,48459,Sibolga,Sumatera Utara,4,Scott Phelps,KF116,"Psycholeptics drugs, Hypnotics and sedatives drugs",251700,"0,07","0,2",234081,32721,"4,9"
TRX9486307,08/11/2022,87969,Sukabumi,Jawa Barat,"4,4",Chelsea Rogers,KF116,"Psycholeptics drugs, Hypnotics and sedatives drugs",251700,"0,07","0,2",234081,32721,"4,7"
TRX7752653,04/12/2021,95971,Banjarmasin,Kalimantan Selatan,"4,2",Kelly Moore,KF116,"Psycholeptics drugs, Hypnotics and sedatives drugs",251700,"0,07","0,2",234081,32721,"4,5"
TRX3968715,28/02/2023,19224,Purwakarta,Jawa Barat,"4,4",Kayla Holmes,KF116,"Psycholeptics drugs, Hypnotics and sedatives drugs",251700,"0,07","0,2",234081,32721,"4,5"
TRX6515623,18/03/2022,47547,Pontianak,Kalimantan Barat,"4,5",Sara Chang,KF116,"Psycholeptics drugs, Hypnotics and sedatives drugs",251700,"0,07","0,2",234081,32721,"3,4"
TRX4079304,02/09/2020,30842,Dumai,Riau,4,Kristin Roberts,KF116,"Psycholeptics drugs, Hypnotics and sedatives drugs",251700,"0,07","0,2",234081,32721,"3,4"
TRX7795874,27/11/2021,70985,Manado,Sulawesi Utara,"4,3",Caroline Larsen,KF116,"Psycholeptics drugs, Hypnotics and sedatives drugs",251700,"0,07","0,2",234081,32721,"4,8"
TRX3979810,29/07/2023,76953,Magelang,Jawa Tengah,4,Tracy Henry,KF116,"Psycholeptics drugs, Hypnotics and sedatives drugs",251700,"0,07","0,2",234081,32721,"3,8"
TRX7310006,18/12/2023,81253,Purwakarta,Jawa Barat,"4,2",Andrew Mckenzie,KF116,"Psycholeptics drugs, Hypnotics and sedatives drugs",251700,"0,07","0,2",234081,32721,"3,8"
TRX2203410,08/03/2022,80068,Cilacap,Jawa Tengah,"4,6",Jeremy Mckinney,KF116,"Psycholeptics drugs, Hypnotics and sedatives drugs",251700,"0,07","0,2",234081,32721,"4,6"
TRX5174599,08/03/2023,75530,Jambi,Jambi,"3,9",Christine Rice,KF116,"Psycholeptics drugs, Hypnotics and sedatives drugs",251700,"0,07","0,2",234081,32721,"3,9"
TRX5075216,23/02/2023,61835,Tasikmalaya,Jawa Barat,"4,9",Shannon Hart,KF116,"Psycholeptics drugs, Hypnotics and sedatives drugs",251700,"0,07","0,2",234081,32721,"4,1"
TRX7614450,21/02/2020,70072,Langsa,Aceh,"4,7",Samantha Gonzalez,KF116,"Psycholeptics drugs, Hypnotics and sedatives drugs",251700,"0,07","0,2",234081,32721,"3,7"
TRX1303570,30/10/2022,64080,Batam,Kepulauan Riau,"4,1",Mario Bryant,KF116,"Psycholeptics drugs, Hypnotics and sedatives drugs",251700,"0,07","0,2",234081,32721,"4,4"
TRX3683182,23/05/2022,74857,Malang,Jawa Timur,"3,9",Melanie Jackson,KF116,"Psycholeptics drugs, Hypnotics and sedatives drugs",251700,"0,07","0,2",234081,32721,"3,6"
TRX3251185,20/01/2021,26139,Tasikmalaya,Jawa Barat,"4,2",Ms. Lisa Austin,KF116,"Psycholeptics drugs, Hypnotics and sedatives drugs",251700,"0,07","0,2",234081,32721,5
TRX2522441,08/01/2022,80162,Pontianak,Kalimantan Barat,5,Stephanie Boyd,KF116,"Psycholeptics drugs, Hypnotics and sedatives drugs",251700,"0,07","0,2",234081,32721,"3,3"
TRX6976125,11/08/2022,66696,Denpasar,Bali,4,Cheryl Watson,KF116,"Psycholeptics drugs, Hypnotics and sedatives drugs",251700,"0,07","0,2",234081,32721,"4,1"
TRX8138754,24/09/2020,30333,Bekasi,Jawa Barat,"4,6",Diane Foley,KF116,"Psycholeptics drugs, Hypnotics and sedatives drugs",251700,"0,07","0,2",234081,32721,"4,6"
TRX1592648,24/08/2021,95134,Yogyakarta,DI Yogyakarta,"4,2",Mackenzie Collins,KF116,"Psycholeptics drugs, Hypnotics and sedatives drugs",251700,"0,07","0,2",234081,32721,"3,1"
TRX2413013,22/03/2023,24277,Lhokseumawe,Aceh,"4,2",Trevor Maynard,KF116,"Psycholeptics drugs, Hypnotics and sedatives drugs",251700,"0,07","0,2",234081,32721,"4,5"
TRX8590430,30/07/2021,36486,Pariaman,Sumatera Barat,"4,7",Gary Jackson,KF116,"Psycholeptics drugs, Hypnotics and sedatives drugs",251700,"0,07","0,2",234081,32721,"3,9"
TRX3657540,30/06/2023,46605,Balikpapan,Kalimantan Timur,"4,2",Victor Hernandez,KF116,"Psycholeptics drugs, Hypnotics and sedatives drugs",251700,"0,07","0,2",234081,32721,"3,9"
TRX7159958,19/09/2021,80068,Cilacap,Jawa Tengah,"4,6",Lisa Green,KF116,"Psycholeptics drugs, Hypnotics and sedatives drugs",251700,"0,07","0,2",234081,32721,"3,3"
TRX6398479,27/09/2023,73710,Probolinggo,Jawa Timur,4,Melinda Adkins,KF116,"Psycholeptics drugs, Hypnotics and sedatives drugs",251700,"0,07","0,2",234081,32721,"3,8"
TRX8982040,25/05/2022,73436,Jambi,Jambi,"4,4",Alexis Davis,KF116,"Psycholeptics drugs, Hypnotics and sedatives drugs",251700,"0,07","0,2",234081,32721,"3,6"
TRX7780500,09/04/2023,27017,Jakarta,DKI Jakarta,"4,4",Austin Brown,KF116,"Psycholeptics drugs, Hypnotics and sedatives drugs",251700,"0,07","0,2",234081,32721,"4,2"
TRX9419282,02/04/2020,91442,Jambi,Jambi,"4,3",Christina Brown,KF116,"Psycholeptics drugs, Hypnotics and sedatives drugs",251700,"0,07","0,2",234081,32721,"3,4"
TRX1088537,16/07/2020,17863,Gorontalo,Gorontalo,"4,7",Brandy Hart,KF116,"Psycholeptics drugs, Hypnotics and sedatives drugs",251700,"0,07","0,2",234081,32721,"3,4"
TRX8883122,10/06/2023,62246,Bima,Nusa Tenggara Barat,"4,5",Ricky Odonnell,KF116,"Psycholeptics drugs, Hypnotics and sedatives drugs",251700,"0,07","0,2",234081,32721,"3,9"
TRX2535766,24/01/2020,53371,Tomohon,Sulawesi Utara,"4,8",Jesse Brandt,KF116,"Psycholeptics drugs, Hypnotics and sedatives drugs",251700,"0,07","0,2",234081,32721,"4,3"
TRX6424638,12/08/2022,89609,Karawang,Jawa Barat,"4,9",Willie Ballard,KF116,"Psycholeptics drugs, Hypnotics and sedatives drugs",251700,"0,07","0,2",234081,32721,"4,3"
TRX2712121,27/09/2020,98748,Bitung,Sulawesi Utara,"4,9",Edward Robinson,KF116,"Psycholeptics drugs, Hypnotics and sedatives drugs",251700,"0,07","0,2",234081,32721,"3,3"
TRX6870267,25/12/2023,43999,Kuningan,Jawa Barat,"4,9",Anna Chavez,KF116,"Psycholeptics drugs, Hypnotics and sedatives drugs",251700,"0,07","0,2",234081,32721,"4,1"
TRX3635739,17/12/2022,94975,Kuningan,Jawa Barat,"4,2",James Patel,KF116,"Psycholeptics drugs, Hypnotics and sedatives drugs",251700,"0,07","0,2",234081,32721,"4,6"
TRX5317985,31/05/2023,12271,Magelang,Jawa Tengah,"4,3",Deborah Martinez,KF116,"Psycholeptics drugs, Hypnotics and sedatives drugs",251700,"0,07","0,2",234081,32721,"3,7"
TRX6458908,06/10/2023,24273,Jakarta,DKI Jakarta,"4,6",Jason Rangel,KF116,"Psycholeptics drugs, Hypnotics and sedatives drugs",251700,"0,07","0,2",234081,32721,"4,4"
TRX8069254,22/11/2021,74389,Deli Serdang,Sumatera Utara,"4,1",Cynthia Malone,KF116,"Psycholeptics drugs, Hypnotics and sedatives drugs",251700,"0,07","0,2",234081,32721,"4,7"
TRX2802647,27/01/2022,47349,Indramayu,Jawa Barat,"3,9",Miranda Parker MD,KF116,"Psycholeptics drugs, Hypnotics and sedatives drugs",251700,"0,07","0,2",234081,32721,"4,5"
TRX9768034,26/09/2023,61444,Kuningan,Jawa Barat,"4,1",Michael Rivera,KF116,"Psycholeptics drugs, Hypnotics and sedatives drugs",251700,"0,07","0,2",234081,32721,5
TRX3113217,29/04/2021,58354,Bitung,Sulawesi Utara,"4,2",Laura Thompson,KF116,"Psycholeptics drugs, Hypnotics and sedatives drugs",251700,"0,07","0,2",234081,32721,"3,4"
TRX6373186,27/08/2020,18924,Surabaya,Jawa Timur,"4,7",Calvin Ochoa,KF116,"Psycholeptics drugs, Hypnotics and sedatives drugs",251700,"0,07","0,2",234081,32721,"3,8"
TRX9589588,11/08/2022,72694,Probolinggo,Jawa Timur,"4,7",Donald Parrish,KF116,"Psycholeptics drugs, Hypnotics and sedatives drugs",251700,"0,07","0,2",234081,32721,"4,9"
TRX3798986,22/02/2023,34591,Jayapura,Papua,"4,4",Carla Arroyo,KF116,"Psycholeptics drugs, Hypnotics and sedatives drugs",251700,"0,07","0,2",234081,32721,"3,1"
TRX6846238,04/02/2022,89314,Malang,Jawa Timur,"4,8",Tony Wade,KF116,"Psycholeptics drugs, Hypnotics and sedatives drugs",251700,"0,07","0,2",234081,32721,"3,6"
TRX6763823,07/10/2022,59955,Madiun,Jawa Timur,"4,7",Melinda Green,KF116,"Psycholeptics drugs, Hypnotics and sedatives drugs",251700,"0,07","0,2",234081,32721,"3,6"
TRX6228245,10/01/2022,70395,Medan,Sumatera Utara,"4,6",Patricia Miller MD,KF116,"Psycholeptics drugs, Hypnotics and sedatives drugs",251700,"0,07","0,2",234081,32721,"4,7"
TRX1903647,21/01/2022,21258,Langsa,Aceh,"4,5",Jessica Garcia,KF116,"Psycholeptics drugs, Hypnotics and sedatives drugs",251700,"0,07","0,2",234081,32721,"3,4"
TRX8352193,25/09/2020,29094,Tebing Tinggi,Sumatera Utara,"4,6",Lisa Wade,KF116,"Psycholeptics drugs, Hypnotics and sedatives drugs",251700,"0,07","0,2",234081,32721,"3,4"
TRX6551571,12/04/2020,25951,Pekanbaru,Riau,"4,5",Alan Perez,KF116,"Psycholeptics drugs, Hypnotics and sedatives drugs",251700,"0,07","0,2",234081,32721,"4,1"
TRX6088711,28/10/2023,73588,Tebing Tinggi,Sumatera Utara,"4,5",Denise Benitez,KF116,"Psycholeptics drugs, Hypnotics and sedatives drugs",251700,"0,07","0,2",234081,32721,4
TRX9497667,06/07/2021,84863,Kendari,Sulawesi Tenggara,"4,7",Christopher Castro,KF116,"Psycholeptics drugs, Hypnotics and sedatives drugs",251700,"0,07","0,2",234081,32721,"4,8"
TRX3509464,19/10/2022,48130,Tasikmalaya,Jawa Barat,"4,7",Morgan Cooper,KF116,"Psycholeptics drugs, Hypnotics and sedatives drugs",251700,"0,07","0,2",234081,32721,"3,3"
TRX9496601,02/10/2022,73008,Mataram,Nusa Tenggara Barat,5,Jessica Hughes,KF116,"Psycholeptics drugs, Hypnotics and sedatives drugs",251700,"0,07","0,2",234081,32721,"4,7"
TRX1678401,01/10/2023,38462,Palangkaraya,Kalimantan Tengah,"4,6",Sergio Guerrero,KF116,"Psycholeptics drugs, Hypnotics and sedatives drugs",251700,"0,07","0,2",234081,32721,4
TRX3862899,05/06/2023,23201,Bekasi,Jawa Barat,"4,4",Samuel Gilbert,KF116,"Psycholeptics drugs, Hypnotics and sedatives drugs",251700,"0,07","0,2",234081,32721,"3,4"
TRX5377256,12/03/2022,17059,Ambon,Maluku,"4,8",David Wheeler,KF116,"Psycholeptics drugs, Hypnotics and sedatives drugs",251700,"0,07","0,2",234081,32721,"3,8"
TRX6862462,05/10/2023,12560,Padang Sidempuan,Sumatera Utara,"4,4",Misty Gutierrez,KF116,"Psycholeptics drugs, Hypnotics and sedatives drugs",251700,"0,07","0,2",234081,32721,"3,7"
TRX6824126,19/04/2022,86503,Semarang,Jawa Tengah,"4,6",Vincent Krueger,KF116,"Psycholeptics drugs, Hypnotics and sedatives drugs",251700,"0,07","0,2",234081,32721,"4,7"
TRX5650945,17/12/2020,61804,Padang Sidempuan,Sumatera Utara,"4,4",Amy Nixon,KF116,"Psycholeptics drugs, Hypnotics and sedatives drugs",251700,"0,07","0,2",234081,32721,"3,5"
TRX6483396,06/03/2020,48388,Palangkaraya,Kalimantan Tengah,4,Cassandra Koch,KF116,"Psycholeptics drugs, Hypnotics and sedatives drugs",251700,"0,07","0,2",234081,32721,4
TRX1260882,19/07/2021,85549,Ciamis,Jawa Barat,4,Lauren Day,KF116,"Psycholeptics drugs, Hypnotics and sedatives drugs",251700,"0,07","0,2",234081,32721,"4,5"
TRX7885391,25/12/2021,39788,Jambi,Jambi,4,John Davenport,KF116,"Psycholeptics drugs, Hypnotics and sedatives drugs",251700,"0,07","0,2",234081,32721,"3,3"
TRX8763930,08/12/2021,31233,Bogor,Jawa Barat,"4,7",Miss Sandy Davidson,KF116,"Psycholeptics drugs, Hypnotics and sedatives drugs",251700,"0,07","0,2",234081,32721,"4,6"
TRX2793146,24/01/2023,56537,Semarang,Jawa Tengah,"4,1",Amanda Crawford,KF116,"Psycholeptics drugs, Hypnotics and sedatives drugs",251700,"0,07","0,2",234081,32721,"3,6"
TRX6477459,06/07/2020,80892,Gorontalo,Gorontalo,"4,6",Jacqueline Sexton,KF116,"Psycholeptics drugs, Hypnotics and sedatives drugs",251700,"0,07","0,2",234081,32721,"3,6"
TRX6920402,25/12/2020,99485,Cilacap,Jawa Tengah,"4,8",Andrew Crawford,KF116,"Psycholeptics drugs, Hypnotics and sedatives drugs",251700,"0,07","0,2",234081,32721,"4,2"
TRX3518177,25/11/2021,94478,Padang Sidempuan,Sumatera Utara,"4,5",Pamela Davis,KF116,"Psycholeptics drugs, Hypnotics and sedatives drugs",251700,"0,07","0,2",234081,32721,3
TRX9374667,14/04/2023,15571,Kotamobagu,Sulawesi Utara,"4,1",Alejandro Ewing,KF116,"Psycholeptics drugs, Hypnotics and sedatives drugs",251700,"0,07","0,2",234081,32721,4